resume_id,resume_text,job_description,relevance_score,label,processed_resume,processed_jd,skill_overlap,cosine_similarity
0,"Role: DevOps Engineer. Experience: 12 years of experience in DevOps Engineer.. Education: BS in Computer Science. Skills: CI/CD, Keras, Selenium, Redis.","Looking for a Data Scientist with expertise in Computer Vision, JavaScript, Scikit-Learn, Azure, TensorFlow, Flask, Deep Learning.",0.1612767362950088,0,role devops engineer experience 12 year experience devops engineer education bs computer science skill ci cd keras selenium redis,look data scientist expertise computer vision javascript scikit learn azure tensorflow flask deep learning,0.0,0.6153676441662995
1,"Role: ML Engineer. Experience: 14 years of experience in ML Engineer.. Education: Self-taught Developer. Skills: Scrum, Ansible, Keras, TensorFlow.","Looking for a Data Scientist with expertise in REST API, TensorFlow, C#, GCP, Flask, DevOps.",0.2218882835525611,0,role ml engineer experience 14 year experience ml engineer education self teach developer skill scrum ansible keras tensorflow,look data scientist expertise rest api tensorflow c gcp flask devops,0.16666666666666666,0.49589036132847775
2,"Role: Frontend Developer. Experience: 15 years of experience in Frontend Developer.. Education: PhD in AI. Skills: Flask, PostgreSQL, AWS, Computer Vision, C#, Redis, GitHub, NoSQL.","Looking for a DevOps Engineer with expertise in Power BI, Problem Solving, DevOps, Ansible, AWS, Angular.",0.1863704481635348,0,role frontend developer experience 15 year experience frontend developer education phd ai skill flask postgresql aws computer vision c redis github nosql,look devops engineer expertise power bi problem solving devops ansible aws angular,0.16666666666666666,0.6813516933067372
3,"Role: ML Engineer. Experience: 15 years of experience in ML Engineer.. Education: BS in Computer Science. Skills: Data Analysis, HTML, NLP, DevOps, Tableau.","Looking for a ML Engineer with expertise in Pandas, Elasticsearch, FastAPI, DevOps, Excel, Node.js.",0.475007427599375,0,role ml engineer experience 15 year experience ml engineer education bs computer science skill data analysis html nlp devops tableau,look ml engineer expertise pandas elasticsearch fastapi devops excel node.js,0.16666666666666666,0.7209551184880574
4,"Role: Frontend Developer. Experience: 4 years of experience in Frontend Developer.. Education: Self-taught Developer. Skills: Node.js, TensorFlow, CI/CD.","Looking for a Data Scientist with expertise in Machine Learning, TypeScript, GCP, Scikit-Learn.",0.1439463612920053,0,role frontend developer experience 4 year experience frontend developer education self teach developer skill node.js tensorflow ci cd,look data scientist expertise machine learning typescript gcp scikit learn,0.0,0.5745285492412798
5,"Role: Frontend Developer. Experience: 5 years of experience in Frontend Developer.. Education: BS in Computer Science. Skills: NLP, Communication Skills, Terraform.","Looking for a Software Engineer with expertise in Ansible, Linux, REST API, DevOps, Django, Jenkins.",0.3365969950156496,0,role frontend developer experience 5 year experience frontend developer education bs computer science skill nlp communication skills terraform,look software engineer expertise ansible linux rest api devops django jenkins,0.0,0.6498160639399625
6,"Role: DevOps Engineer. Experience: 2 years of experience in DevOps Engineer.. Education: BS in Computer Science. Skills: Data Analysis, AWS, CI/CD, React, GraphQL, Azure, Redis.","Looking for a Data Scientist with expertise in Keras, C++, Scikit-Learn, Java, TypeScript.",0.2779879760713846,0,role devops engineer experience 2 year experience devops engineer education bs computer science skill data analysis aws ci cd react graphql azure redis,look data scientist expertise keras c++ scikit learn java typescript,0.0,0.6951649694718323
7,"Role: Data Scientist. Experience: 1 years of experience in Data Scientist.. Education: Self-taught Developer. Skills: CSS, Vue, Django, JavaScript.","Looking for a ML Engineer with expertise in MySQL, Hadoop, Scikit-Learn, PostgreSQL, JavaScript, Data Analysis.",0.2847192223294413,0,role data scientist experience 1 year experience data scientist education self teach developer skill css vue django javascript,look ml engineer expertise mysql hadoop scikit learn postgresql javascript data analysis,0.16666666666666666,0.7167863009057337
8,"Role: Frontend Developer. Experience: 11 years of experience in Frontend Developer.. Education: Self-taught Developer. Skills: MongoDB, Spark, REST API, Express, Ansible, AWS, Agile.","Looking for a Software Engineer with expertise in Spark, NLP, Data Science, C++, Power BI, CI/CD, CSS.",0.3821657841302471,0,role frontend developer experience 11 year experience frontend developer education self teach developer skill mongodb spark rest api express ansible aws agile,look software engineer expertise spark nlp data science c++ power bi ci cd css,0.14285714285714285,0.7848412369652272
9,"Role: DevOps Engineer. Experience: 8 years of experience in DevOps Engineer.. Education: PhD in AI. Skills: Jenkins, Problem Solving, DevOps.","Looking for a Data Scientist with expertise in HTML, Tableau, GCP, Redis, Pandas.",0.1391156910527586,0,role devops engineer experience 8 year experience devops engineer education phd ai skill jenkins problem solving devops,look data scientist expertise html tableau gcp redis pandas,0.0,0.530973547198623
10,"Role: Frontend Developer. Experience: 11 years of experience in Frontend Developer.. Education: PhD in AI. Skills: REST API, Tableau, Project Management, Flask, DevOps, Keras, Data Science, Elasticsearch.","Looking for a Software Engineer with expertise in React, Express, MongoDB, Project Management.",0.3687806593205189,0,role frontend developer experience 11 year experience frontend developer education phd ai skill rest api tableau project management flask devops keras data science elasticsearch,look software engineer expertise react express mongodb project management,0.25,0.7422343670619035
11,"Role: ML Engineer. Experience: 1 years of experience in ML Engineer.. Education: BS in Computer Science. Skills: FastAPI, Terraform, Computer Vision.","Looking for a DevOps Engineer with expertise in GitHub, Vue, CI/CD, Docker, FastAPI, JavaScript, Machine Learning.",0.2298389624947949,0,role ml engineer experience 1 year experience ml engineer education bs computer science skill fastapi terraform computer vision,look devops engineer expertise github vue ci cd docker fastapi javascript machine learning,0.125,0.47690711090409144
12,"Role: Data Scientist. Experience: 15 years of experience in Data Scientist.. Education: BS in Computer Science. Skills: Git, Machine Learning, NLP.","Looking for a Software Engineer with expertise in MySQL, Azure, Flask, Excel, Data Analysis, PostgreSQL.",0.1393095211073368,0,role data scientist experience 15 year experience data scientist education bs computer science skill git machine learning nlp,look software engineer expertise mysql azure flask excel data analysis postgresql,0.0,0.761862632194395
13,"Role: Software Engineer. Experience: 10 years of experience in Software Engineer.. Education: PhD in AI. Skills: AWS, Microservices, GitHub, TypeScript.","Looking for a DevOps Engineer with expertise in FastAPI, Jenkins, Vue, Agile, Data Analysis, Excel, NumPy.",0.1060311775938193,0,role software engineer experience 10 year experience software engineer education phd ai skill aw microservices github typescript,look devops engineer expertise fastapi jenkins vue agile data analysis excel numpy,0.0,0.7062930821285874
14,"Role: ML Engineer. Experience: 14 years of experience in ML Engineer.. Education: PhD in AI. Skills: Angular, Keras, Cloud Computing, PostgreSQL, C#, Machine Learning, Terraform, TensorFlow.","Looking for a Software Engineer with expertise in Angular, Machine Learning, GraphQL, Deep Learning, SQL.",0.4035062162577654,0,role ml engineer experience 14 year experience ml engineer education phd ai skill angular keras cloud computing postgresql c machine learning terraform tensorflow,look software engineer expertise angular machine learning graphql deep learning sql,0.4,0.8352389247571118
15,"Role: DevOps Engineer. Experience: 15 years of experience in DevOps Engineer.. Education: BS in Computer Science. Skills: GraphQL, Angular, Scrum.","Looking for a Data Scientist with expertise in Deep Learning, Problem Solving, Redis, TensorFlow, Flask, Excel, Django.",0.162280877703713,0,role devops engineer experience 15 year experience devops engineer education bs computer science skill graphql angular scrum,look data scientist expertise deep learning problem solving redis tensorflow flask excel django,0.0,0.6737369065015653
16,"Role: Software Engineer. Experience: 8 years of experience in Software Engineer.. Education: BS in Computer Science. Skills: Problem Solving, Terraform, MongoDB, NumPy, PyTorch.","Looking for a Software Engineer with expertise in Express, Excel, GCP, Ansible.",0.3474581692890267,0,role software engineer experience 8 year experience software engineer education bs computer science skill problem solving terraform mongodb numpy pytorch,look software engineer expertise express excel gcp ansible,0.0,0.7599260971610157
17,"Role: Data Scientist. Experience: 4 years of experience in Data Scientist.. Education: BS in Computer Science. Skills: Cloud Computing, Power BI, Java, NumPy, JavaScript, C++, Django, TensorFlow.","Looking for a Data Scientist with expertise in TensorFlow, Python, Express, Communication Skills, TypeScript, AWS, Spark.",0.433498710518958,0,role data scientist experience 4 year experience data scientist education bs computer science skill cloud computing power bi java numpy javascript c++ django tensorflow,look data scientist expertise tensorflow python express communication skills typescript aws spark,0.14285714285714285,0.8353868879081172
18,"Role: ML Engineer. Experience: 15 years of experience in ML Engineer.. Education: Self-taught Developer. Skills: CI/CD, Communication Skills, React, Project Management, Linux.","Looking for a Data Scientist with expertise in REST API, MySQL, Computer Vision, MongoDB, CI/CD.",0.295020601871577,0,role ml engineer experience 15 year experience ml engineer education self teach developer skill ci cd communication skills react project management linux,look data scientist expertise rest api mysql computer vision mongodb ci cd,0.2,0.6752605449207264
19,"Role: Frontend Developer. Experience: 9 years of experience in Frontend Developer.. Education: BS in Computer Science. Skills: React, Agile, Data Science, GitHub, TypeScript, Docker.","Looking for a Frontend Developer with expertise in Selenium, CSS, GraphQL, Agile, Keras.",0.4280304538593303,0,role frontend developer experience 9 year experience frontend developer education bs computer science skill react agile data science github typescript docker,look frontend developer expertise selenium css graphql agile keras,0.2,0.7253479135149022
20,"Role: Frontend Developer. Experience: 8 years of experience in Frontend Developer.. Education: Self-taught Developer. Skills: Computer Vision, SQL, Java, JavaScript, GCP, Vue, Data Science, Git.","Looking for a Frontend Developer with expertise in Pandas, Tableau, GraphQL, GitHub, Flask, Communication Skills, Scikit-Learn.",0.4087187191449941,0,role frontend developer experience 8 year experience frontend developer education self teach developer skill computer vision sql java javascript gcp vue data science git,look frontend developer expertise pandas tableau graphql github flask communication skills scikit learn,0.0,0.8172393998592205
21,"Role: Data Scientist. Experience: 3 years of experience in Data Scientist.. Education: BS in Computer Science. Skills: Angular, Spark, DevOps, Pandas, Node.js, Docker, Microservices.","Looking for a Frontend Developer with expertise in Agile, Cloud Computing, DevOps, Angular, GraphQL, SQL, Microservices.",0.4178761023609271,0,role data scientist experience 3 year experience data scientist education bs computer science skill angular spark devops pandas node.js docker microservices,look frontend developer expertise agile cloud computing devops angular graphql sql microservices,0.42857142857142855,0.6383334643643983
22,"Role: Frontend Developer. Experience: 14 years of experience in Frontend Developer.. Education: MS in Data Science. Skills: CSS, NumPy, Scikit-Learn, Flask.","Looking for a Data Scientist with expertise in NLP, Ansible, Node.js, Vue.",0.139144576872839,0,role frontend developer experience 14 year experience frontend developer education ms data science skill css numpy scikit learn flask,look data scientist expertise nlp ansible node.js vue,0.0,0.5221145559271635
23,"Role: Frontend Developer. Experience: 13 years of experience in Frontend Developer.. Education: MS in Data Science. Skills: Django, Computer Vision, Hadoop, NoSQL, Machine Learning, Deep Learning, MongoDB, FastAPI.","Looking for a ML Engineer with expertise in GraphQL, Machine Learning, NumPy, Django, PostgreSQL.",0.4696419942891943,0,role frontend developer experience 13 year experience frontend developer education ms data science skill django computer vision hadoop nosql machine learning deep learning mongodb fastapi,look ml engineer expertise graphql machine learning numpy django postgresql,0.4,0.8473641684042962
24,"Role: ML Engineer. Experience: 1 years of experience in ML Engineer.. Education: BS in Computer Science. Skills: C#, Git, GraphQL, Machine Learning, MongoDB.","Looking for a Software Engineer with expertise in Express, Node.js, Computer Vision, Selenium, Redis, Kubernetes, Linux.",0.3122621234810204,0,role ml engineer experience 1 year experience ml engineer education bs computer science skill c git graphql machine learning mongodb,look software engineer expertise express node.js computer vision selenium redis kubernetes linux,0.0,0.7579495193152485
25,"Role: ML Engineer. Experience: 10 years of experience in ML Engineer.. Education: PhD in AI. Skills: Problem Solving, TypeScript, Azure, Selenium, MongoDB, Django, Microservices.","Looking for a ML Engineer with expertise in Flask, NumPy, Node.js, Jenkins.",0.3665599409569082,0,role ml engineer experience 10 year experience ml engineer education phd ai skill problem solving typescript azure selenium mongodb django microservices,look ml engineer expertise flask numpy node.js jenkins,0.0,0.6212786014811083
26,"Role: Frontend Developer. Experience: 2 years of experience in Frontend Developer.. Education: Self-taught Developer. Skills: GCP, Node.js, NoSQL, MongoDB, Computer Vision, Scikit-Learn, JavaScript, Project Management.","Looking for a DevOps Engineer with expertise in Python, AWS, PostgreSQL, Ansible.",0.1438778978940326,0,role frontend developer experience 2 year experience frontend developer education self teach developer skill gcp node.js nosql mongodb computer vision scikit learn javascript project management,look devops engineer expertise python aws postgresql ansible,0.0,0.6815537717879351
27,"Role: DevOps Engineer. Experience: 3 years of experience in DevOps Engineer.. Education: PhD in AI. Skills: PostgreSQL, Flask, CSS, Microservices, NLP, Hadoop.","Looking for a Frontend Developer with expertise in Data Analysis, GraphQL, TensorFlow, Ansible, Node.js, Terraform, C#.",0.1583048676403705,0,role devops engineer experience 3 year experience devops engineer education phd ai skill postgresql flask css microservices nlp hadoop,look frontend developer expertise data analysis graphql tensorflow ansible node.js terraform c,0.0,0.6438672807157283
28,"Role: Frontend Developer. Experience: 4 years of experience in Frontend Developer.. Education: BS in Computer Science. Skills: Spark, Power BI, JavaScript, Docker.","Looking for a DevOps Engineer with expertise in C++, AWS, NoSQL, Azure, Communication Skills.",0.223871735877829,0,role frontend developer experience 4 year experience frontend developer education bs computer science skill spark power bi javascript docker,look devops engineer expertise c++ aw nosql azure communication skills,0.0,0.6045483857977761
29,"Role: Frontend Developer. Experience: 10 years of experience in Frontend Developer.. Education: Self-taught Developer. Skills: Machine Learning, TypeScript, CSS.","Looking for a Frontend Developer with expertise in GCP, Docker, Angular, Data Science, Tableau, JavaScript.",0.2518077538463873,0,role frontend developer experience 10 year experience frontend developer education self teach developer skill machine learning typescript css,look frontend developer expertise gcp docker angular data science tableau javascript,0.0,0.7200437406591116
30,"Role: DevOps Engineer. Experience: 15 years of experience in DevOps Engineer.. Education: BS in Computer Science. Skills: Project Management, Communication Skills, Vue, Power BI, Problem Solving, React, GraphQL, REST API.","Looking for a DevOps Engineer with expertise in React, TensorFlow, GitHub, Deep Learning, Terraform, Microservices.",0.5305107291728806,0,role devops engineer experience 15 year experience devops engineer education bs computer science skill project management communication skills vue power bi problem solving react graphql rest api,look devops engineer expertise react tensorflow github deep learning terraform microservices,0.2857142857142857,0.7591978946605519
31,"Role: Software Engineer. Experience: 14 years of experience in Software Engineer.. Education: MS in Data Science. Skills: PyTorch, Microservices, Selenium, FastAPI, Node.js, C++.","Looking for a DevOps Engineer with expertise in Scrum, MySQL, Computer Vision, FastAPI, Machine Learning, Deep Learning.",0.179156334676388,0,role software engineer experience 14 year experience software engineer education ms data science skill pytorch microservices selenium fastapi node.js c++,look devops engineer expertise scrum mysql computer vision fastapi machine learning deep learning,0.14285714285714285,0.7786745872519624
32,"Role: Software Engineer. Experience: 5 years of experience in Software Engineer.. Education: MS in Data Science. Skills: Tableau, Azure, Python, Terraform, JavaScript, Linux, Scikit-Learn, Cloud Computing.","Looking for a DevOps Engineer with expertise in GitHub, Ansible, C#, Vue, MySQL, Selenium.",0.361860745202585,0,role software engineer experience 5 year experience software engineer education ms data science skill tableau azure python terraform javascript linux scikit learn cloud computing,look devops engineer expertise github ansible c vue mysql selenium,0.0,0.573905317499625
33,"Role: Frontend Developer. Experience: 11 years of experience in Frontend Developer.. Education: BS in Computer Science. Skills: Jenkins, DevOps, Keras, Ansible, Elasticsearch, GCP, Flask, Vue.","Looking for a Software Engineer with expertise in Python, Elasticsearch, REST API, Scikit-Learn, Azure, Redis.",0.2507030880353788,0,role frontend developer experience 11 year experience frontend developer education bs computer science skill jenkins devops keras ansible elasticsearch gcp flask vue,look software engineer expertise python elasticsearch rest api scikit learn azure redis,0.16666666666666666,0.7359528918887295
34,"Role: DevOps Engineer. Experience: 11 years of experience in DevOps Engineer.. Education: Self-taught Developer. Skills: GCP, JavaScript, Node.js, GitHub, Excel, FastAPI, Jenkins.","Looking for a Software Engineer with expertise in FastAPI, Pandas, Kubernetes, GCP.",0.3893887329812517,0,role devops engineer experience 11 year experience devops engineer education self teach developer skill gcp javascript node.js github excel fastapi jenkins,look software engineer expertise fastapi pandas kubernetes gcp,0.5,0.6593537744695173
35,"Role: ML Engineer. Experience: 9 years of experience in ML Engineer.. Education: PhD in AI. Skills: GraphQL, FastAPI, DevOps, Pandas, Express.","Looking for a Frontend Developer with expertise in AWS, SQL, MongoDB, NoSQL, Deep Learning, TypeScript, JavaScript.",0.0903413155935298,0,role ml engineer experience 9 year experience ml engineer education phd ai skill graphql fastapi devops pandas express,look frontend developer expertise aws sql mongodb nosql deep learning typescript javascript,0.0,0.5454241670611744
36,"Role: DevOps Engineer. Experience: 10 years of experience in DevOps Engineer.. Education: MS in Data Science. Skills: NumPy, Tableau, Agile, Project Management.","Looking for a Software Engineer with expertise in Docker, Cloud Computing, Angular, PostgreSQL, Kubernetes, Project Management.",0.3058093713795619,0,role devops engineer experience 10 year experience devops engineer education ms data science skill numpy tableau agile project management,look software engineer expertise docker cloud computing angular postgresql kubernetes project management,0.16666666666666666,0.7012164566150498
37,"Role: Data Scientist. Experience: 13 years of experience in Data Scientist.. Education: BS in Computer Science. Skills: Git, React, MySQL.","Looking for a DevOps Engineer with expertise in Scrum, Git, NLP, Problem Solving, C#.",0.4004711003244128,0,role data scientist experience 13 year experience data scientist education bs computer science skill git react mysql,look devops engineer expertise scrum git nlp problem solving c,0.16666666666666666,0.6630605594821727
38,"Role: Data Scientist. Experience: 14 years of experience in Data Scientist.. Education: PhD in AI. Skills: Cloud Computing, Pandas, Git, Docker, Flask.","Looking for a Software Engineer with expertise in Vue, Django, NoSQL, Deep Learning, NumPy, Data Analysis.",0.354173534292699,0,role data scientist experience 14 year experience data scientist education phd ai skill cloud computing pandas git docker flask,look software engineer expertise vue django nosql deep learning numpy data analysis,0.0,0.6959578402465345
39,"Role: Data Scientist. Experience: 15 years of experience in Data Scientist.. Education: PhD in AI. Skills: Java, Jenkins, C++, SQL, NLP.","Looking for a ML Engineer with expertise in GraphQL, Keras, Pandas, Data Analysis, C++, Linux.",0.2981924464206016,0,role data scientist experience 15 year experience data scientist education phd ai skill java jenkins c++ sql nlp,look ml engineer expertise graphql keras pandas data analysis c++ linux,0.16666666666666666,0.784177765320153
40,"Role: Data Scientist. Experience: 3 years of experience in Data Scientist.. Education: BS in Computer Science. Skills: PyTorch, Linux, Project Management, C++.","Looking for a Software Engineer with expertise in NumPy, Flask, Cloud Computing, GCP, Hadoop, PyTorch, Git.",0.402082376607817,0,role data scientist experience 3 year experience data scientist education bs computer science skill pytorch linux project management c++,look software engineer expertise numpy flask cloud computing gcp hadoop pytorch git,0.14285714285714285,0.5848640623454835
41,"Role: DevOps Engineer. Experience: 5 years of experience in DevOps Engineer.. Education: MS in Data Science. Skills: Django, TensorFlow, Cloud Computing, Azure, Express, Vue, Linux, NumPy.","Looking for a DevOps Engineer with expertise in GCP, CSS, TypeScript, DevOps, Elasticsearch, GraphQL, MongoDB.",0.3713210615919615,0,role devops engineer experience 5 year experience devops engineer education ms data science skill django tensorflow cloud computing azure express vue linux numpy,look devops engineer expertise gcp css typescript devops elasticsearch graphql mongodb,0.14285714285714285,0.6253060773991524
42,"Role: Software Engineer. Experience: 9 years of experience in Software Engineer.. Education: MS in Data Science. Skills: NumPy, C++, Angular, CI/CD, Redis, Machine Learning, Agile, Data Analysis.","Looking for a ML Engineer with expertise in Excel, AWS, Computer Vision, CSS.",0.2476276886070897,0,role software engineer experience 9 year experience software engineer education ms data science skill numpy c++ angular ci cd redis machine learning agile data analysis,look ml engineer expertise excel aws computer vision css,0.0,0.752608566999508
43,"Role: ML Engineer. Experience: 5 years of experience in ML Engineer.. Education: Self-taught Developer. Skills: Jenkins, Git, C++, HTML, Ansible, GraphQL, Project Management, Java.","Looking for a Data Scientist with expertise in Excel, Agile, Communication Skills, React.",0.0,0,role ml engineer experience 5 year experience ml engineer education self teach developer skill jenkins git c++ html ansible graphql project management java,look data scientist expertise excel agile communication skills react,0.0,0.7543232528626217
44,"Role: Frontend Developer. Experience: 6 years of experience in Frontend Developer.. Education: Self-taught Developer. Skills: Data Science, PyTorch, Terraform, Linux, Computer Vision, Keras, SQL, Vue.","Looking for a Data Scientist with expertise in TensorFlow, AWS, Docker, Python, Linux, Scikit-Learn.",0.1488160551552032,0,role frontend developer experience 6 year experience frontend developer education self teach developer skill data science pytorch terraform linux computer vision keras sql vue,look data scientist expertise tensorflow aws docker python linux scikit learn,0.16666666666666666,0.7966594618563623
45,"Role: DevOps Engineer. Experience: 13 years of experience in DevOps Engineer.. Education: Self-taught Developer. Skills: DevOps, Keras, TypeScript.","Looking for a Software Engineer with expertise in TypeScript, Docker, HTML, Azure, NumPy, Express.",0.3349927547581703,0,role devops engineer experience 13 year experience devops engineer education self teach developer skill devops keras typescript,look software engineer expertise typescript docker html azure numpy express,0.16666666666666666,0.6138055997683558
46,"Role: Data Scientist. Experience: 4 years of experience in Data Scientist.. Education: PhD in AI. Skills: AWS, Kubernetes, DevOps, Jenkins, Microservices, Selenium, Azure.","Looking for a Software Engineer with expertise in C++, PostgreSQL, CI/CD, Communication Skills.",0.335852576731824,0,role data scientist experience 4 year experience data scientist education phd ai skill aw kubernetes devops jenkins microservices selenium azure,look software engineer expertise c++ postgresql ci cd communication skills,0.0,0.5808043784281786
47,"Role: ML Engineer. Experience: 5 years of experience in ML Engineer.. Education: MS in Data Science. Skills: Communication Skills, Machine Learning, Project Management.","Looking for a Data Scientist with expertise in CSS, Docker, PostgreSQL, PyTorch, GraphQL.",0.1408524053430374,0,role ml engineer experience 5 year experience ml engineer education ms data science skill communication skills machine learning project management,look data scientist expertise css docker postgresql pytorch graphql,0.0,0.5611595860182965
48,"Role: Frontend Developer. Experience: 6 years of experience in Frontend Developer.. Education: Self-taught Developer. Skills: Communication Skills, Excel, Computer Vision, C++, Node.js, Agile, Deep Learning, REST API.","Looking for a DevOps Engineer with expertise in MongoDB, Docker, Data Analysis, CI/CD, Data Science, NoSQL, Elasticsearch.",0.2676343353856275,0,role frontend developer experience 6 year experience frontend developer education self teach developer skill communication skills excel computer vision c++ node.js agile deep learning rest api,look devops engineer expertise mongodb docker data analysis ci cd data science nosql elasticsearch,0.0,0.607203164105005
49,"Role: ML Engineer. Experience: 7 years of experience in ML Engineer.. Education: Self-taught Developer. Skills: Django, Tableau, Data Science, Agile, Flask, AWS, Redis.","Looking for a DevOps Engineer with expertise in Kubernetes, Docker, Keras, Selenium, Computer Vision.",0.3230609545158606,0,role ml engineer experience 7 year experience ml engineer education self teach developer skill django tableau data science agile flask aws redis,look devops engineer expertise kubernetes docker keras selenium computer vision,0.0,0.635496249411442
50,"Role: Software Engineer. Experience: 10 years of experience in Software Engineer.. Education: Self-taught Developer. Skills: Project Management, Communication Skills, Selenium, Django, Excel, Docker, TensorFlow.","Looking for a Data Scientist with expertise in GitHub, FastAPI, Java, Python, DevOps, TensorFlow, Communication Skills.",0.3650895492872718,0,role software engineer experience 10 year experience software engineer education self teach developer skill project management communication skills selenium django excel docker tensorflow,look data scientist expertise github fastapi java python devops tensorflow communication skills,0.2857142857142857,0.7090600270842143
51,"Role: ML Engineer. Experience: 14 years of experience in ML Engineer.. Education: BS in Computer Science. Skills: CSS, Computer Vision, Problem Solving, Express, HTML, Data Analysis, Flask, Java.","Looking for a Data Scientist with expertise in Scrum, Cloud Computing, NumPy, MySQL, Jenkins, GCP, Git.",0.2500048914336681,0,role ml engineer experience 14 year experience ml engineer education bs computer science skill css computer vision problem solving express html data analysis flask java,look data scientist expertise scrum cloud computing numpy mysql jenkins gcp git,0.0,0.6972216230668807
52,"Role: ML Engineer. Experience: 11 years of experience in ML Engineer.. Education: Self-taught Developer. Skills: Scrum, MySQL, Python, Docker, Elasticsearch, Scikit-Learn, Power BI, SQL.","Looking for a ML Engineer with expertise in Docker, CI/CD, Redis, Agile, Hadoop, Ansible.",0.3812274672397339,0,role ml engineer experience 11 year experience ml engineer education self teach developer skill scrum mysql python docker elasticsearch scikit learn power bi sql,look ml engineer expertise docker ci cd redis agile hadoop ansible,0.16666666666666666,0.6613862105007106
53,"Role: Frontend Developer. Experience: 12 years of experience in Frontend Developer.. Education: PhD in AI. Skills: Node.js, PyTorch, GCP.","Looking for a DevOps Engineer with expertise in Communication Skills, NLP, CSS, TensorFlow, Git, Node.js.",0.36602503299468,0,role frontend developer experience 12 year experience frontend developer education phd ai skill node.js pytorch gcp,look devops engineer expertise communication skills nlp css tensorflow git node.js,0.14285714285714285,0.7473240231597421
54,"Role: Frontend Developer. Experience: 14 years of experience in Frontend Developer.. Education: Self-taught Developer. Skills: DevOps, Tableau, TypeScript, Express.","Looking for a Data Scientist with expertise in Azure, Project Management, Computer Vision, Power BI, PostgreSQL, Communication Skills.",0.2775740585742288,0,role frontend developer experience 14 year experience frontend developer education self teach developer skill devops tableau typescript express,look data scientist expertise azure project management computer vision power bi postgresql communication skills,0.0,0.7818254219994512
55,"Role: ML Engineer. Experience: 3 years of experience in ML Engineer.. Education: PhD in AI. Skills: Data Analysis, Azure, NoSQL, PyTorch, SQL, Jenkins.","Looking for a DevOps Engineer with expertise in Tableau, DevOps, NoSQL, Microservices, Django, Angular, JavaScript.",0.4681626964749245,0,role ml engineer experience 3 year experience ml engineer education phd ai skill data analysis azure nosql pytorch sql jenkins,look devops engineer expertise tableau devops nosql microservices django angular javascript,0.14285714285714285,0.45937131040804324
56,"Role: ML Engineer. Experience: 8 years of experience in ML Engineer.. Education: PhD in AI. Skills: CSS, Express, Redis, Data Analysis, Selenium, NLP, MongoDB, Django.","Looking for a Frontend Developer with expertise in FastAPI, Tableau, Computer Vision, C#, Communication Skills, REST API, NLP.",0.3739519434731514,0,role ml engineer experience 8 year experience ml engineer education phd ai skill css express redis data analysis selenium nlp mongodb django,look frontend developer expertise fastapi tableau computer vision c communication skills rest api nlp,0.14285714285714285,0.7037968782296998
57,"Role: Data Scientist. Experience: 13 years of experience in Data Scientist.. Education: BS in Computer Science. Skills: JavaScript, REST API, Spark, Express, MongoDB, Cloud Computing, GCP, TypeScript.","Looking for a ML Engineer with expertise in Pandas, Docker, Java, Ansible, Tableau, TensorFlow, Python.",0.1775902783668522,0,role data scientist experience 13 year experience data scientist education bs computer science skill javascript rest api spark express mongodb cloud computing gcp typescript,look ml engineer expertise pandas docker java ansible tableau tensorflow python,0.0,0.5963074025830656
58,"Role: Frontend Developer. Experience: 14 years of experience in Frontend Developer.. Education: PhD in AI. Skills: Docker, SQL, Linux, NLP.","Looking for a Data Scientist with expertise in PyTorch, NLP, JavaScript, Microservices, Pandas, Node.js.",0.2981249932534907,0,role frontend developer experience 14 year experience frontend developer education phd ai skill docker sql linux nlp,look data scientist expertise pytorch nlp javascript microservices pandas node.js,0.16666666666666666,0.6181683282163966
59,"Role: Software Engineer. Experience: 3 years of experience in Software Engineer.. Education: MS in Data Science. Skills: Terraform, Angular, Azure, Communication Skills.","Looking for a Data Scientist with expertise in Spark, Data Science, Power BI, Communication Skills, NumPy, GitHub.",0.3651289062063374,0,role software engineer experience 3 year experience software engineer education ms data science skill terraform angular azure communication skills,look data scientist expertise spark data science power bi communication skills numpy github,0.3333333333333333,0.7717378004864656
60,"Role: Software Engineer. Experience: 3 years of experience in Software Engineer.. Education: PhD in AI. Skills: NoSQL, Excel, FastAPI, HTML, PostgreSQL, Elasticsearch.","Looking for a Software Engineer with expertise in GraphQL, JavaScript, Agile, Selenium.",0.3871979374071445,0,role software engineer experience 3 year experience software engineer education phd ai skill nosql excel fastapi html postgresql elasticsearch,look software engineer expertise graphql javascript agile selenium,0.0,0.7818312087126962
61,"Role: Software Engineer. Experience: 2 years of experience in Software Engineer.. Education: BS in Computer Science. Skills: Hadoop, Computer Vision, Express, NoSQL, Azure, Git, TensorFlow, Power BI.","Looking for a DevOps Engineer with expertise in Problem Solving, Project Management, Git, DevOps, Express.",0.4866973595785391,0,role software engineer experience 2 year experience software engineer education bs computer science skill hadoop computer vision express nosql azure git tensorflow power bi,look devops engineer expertise problem solving project management git devops express,0.4,0.7777552174017214
62,"Role: DevOps Engineer. Experience: 10 years of experience in DevOps Engineer.. Education: MS in Data Science. Skills: PostgreSQL, SQL, Node.js.","Looking for a DevOps Engineer with expertise in FastAPI, Express, Angular, Scrum.",0.4255440857718094,0,role devops engineer experience 10 year experience devops engineer education ms data science skill postgresql sql node.js,look devops engineer expertise fastapi express angular scrum,0.2,0.6905981176139051
63,"Role: Software Engineer. Experience: 11 years of experience in Software Engineer.. Education: Self-taught Developer. Skills: Hadoop, Scrum, Angular, Linux, Power BI, Jenkins, FastAPI, JavaScript.","Looking for a Frontend Developer with expertise in Git, HTML, GraphQL, PyTorch, Machine Learning, TypeScript, Node.js.",0.238630645979053,0,role software engineer experience 11 year experience software engineer education self teach developer skill hadoop scrum angular linux power bi jenkins fastapi javascript,look frontend developer expertise git html graphql pytorch machine learning typescript node.js,0.0,0.7903828634227178
64,"Role: Frontend Developer. Experience: 11 years of experience in Frontend Developer.. Education: MS in Data Science. Skills: Spark, Docker, NumPy, TypeScript, Kubernetes.","Looking for a ML Engineer with expertise in Django, Pandas, Docker, Angular, Data Analysis, NoSQL, NumPy.",0.3374842446130716,0,role frontend developer experience 11 year experience frontend developer education ms data science skill spark docker numpy typescript kubernetes,look ml engineer expertise django pandas docker angular data analysis nosql numpy,0.2857142857142857,0.7092534352955701
65,"Role: DevOps Engineer. Experience: 8 years of experience in DevOps Engineer.. Education: Self-taught Developer. Skills: NumPy, Node.js, NoSQL, Java, Selenium, GraphQL, Django, PyTorch.","Looking for a Frontend Developer with expertise in C#, Tableau, Python, HTML, Computer Vision, Linux, GraphQL.",0.3202533615747545,0,role devops engineer experience 8 year experience devops engineer education self teach developer skill numpy node.js nosql java selenium graphql django pytorch,look frontend developer expertise c tableau python html computer vision linux graphql,0.14285714285714285,0.6242054923473856
66,"Role: Software Engineer. Experience: 4 years of experience in Software Engineer.. Education: PhD in AI. Skills: C#, Scikit-Learn, Vue, TypeScript, Jenkins.","Looking for a Software Engineer with expertise in GCP, Cloud Computing, Tableau, CI/CD.",0.3748160055366832,0,role software engineer experience 4 year experience software engineer education phd ai skill c scikit learn vue typescript jenkins,look software engineer expertise gcp cloud computing tableau ci cd,0.0,0.7423077966333688
67,"Role: Frontend Developer. Experience: 8 years of experience in Frontend Developer.. Education: BS in Computer Science. Skills: React, GitHub, Git.","Looking for a DevOps Engineer with expertise in Problem Solving, MySQL, DevOps, Angular, NumPy.",0.2439485807859308,0,role frontend developer experience 8 year experience frontend developer education bs computer science skill react github git,look devops engineer expertise problem solving mysql devops angular numpy,0.0,0.6717777944524078
68,"Role: Data Scientist. Experience: 12 years of experience in Data Scientist.. Education: Self-taught Developer. Skills: Node.js, CI/CD, Scikit-Learn, PostgreSQL, Git.","Looking for a DevOps Engineer with expertise in SQL, Flask, MongoDB, Kubernetes.",0.4777730063010343,0,role data scientist experience 12 year experience data scientist education self teach developer skill node.js ci cd scikit learn postgresql git,look devops engineer expertise sql flask mongodb kubernetes,0.0,0.5850773050759676
69,"Role: Frontend Developer. Experience: 2 years of experience in Frontend Developer.. Education: Self-taught Developer. Skills: SQL, Ansible, Data Analysis, DevOps, Pandas, Cloud Computing, C++.","Looking for a DevOps Engineer with expertise in React, GitHub, Linux, REST API, Angular, PostgreSQL, Java.",0.2774195167841405,0,role frontend developer experience 2 year experience frontend developer education self teach developer skill sql ansible data analysis devops pandas cloud computing c++,look devops engineer expertise react github linux rest api angular postgresql java,0.125,0.7158607481676579
70,"Role: Data Scientist. Experience: 9 years of experience in Data Scientist.. Education: PhD in AI. Skills: Keras, JavaScript, GraphQL, TypeScript, NoSQL, Scrum.","Looking for a Software Engineer with expertise in Excel, Jenkins, Hadoop, Data Analysis, REST API, GitHub, Machine Learning.",0.2775623705657088,0,role data scientist experience 9 year experience data scientist education phd ai skill keras javascript graphql typescript nosql scrum,look software engineer expertise excel jenkins hadoop data analysis rest api github machine learning,0.0,0.7251964439520459
71,"Role: ML Engineer. Experience: 2 years of experience in ML Engineer.. Education: Self-taught Developer. Skills: JavaScript, Hadoop, Jenkins, Spark.","Looking for a Software Engineer with expertise in Computer Vision, Agile, Tableau, Redis.",0.2526760832892479,0,role ml engineer experience 2 year experience ml engineer education self teach developer skill javascript hadoop jenkins spark,look software engineer expertise computer vision agile tableau redis,0.0,0.6852239348608168
72,"Role: Data Scientist. Experience: 8 years of experience in Data Scientist.. Education: Self-taught Developer. Skills: Angular, Redis, HTML, CI/CD, Ansible, Hadoop, Spark.","Looking for a ML Engineer with expertise in CSS, GitHub, DevOps, Power BI, GCP, Deep Learning, HTML.",0.2070853752714541,0,role data scientist experience 8 year experience data scientist education self teach developer skill angular redis html ci cd ansible hadoop spark,look ml engineer expertise css github devops power bi gcp deep learning html,0.14285714285714285,0.680073361657609
73,"Role: DevOps Engineer. Experience: 8 years of experience in DevOps Engineer.. Education: BS in Computer Science. Skills: Django, REST API, Redis.","Looking for a Data Scientist with expertise in Angular, Scikit-Learn, MongoDB, NoSQL.",0.1771507981676442,0,role devops engineer experience 8 year experience devops engineer education bs computer science skill django rest api redis,look data scientist expertise angular scikit learn mongodb nosql,0.0,0.719923678336677
74,"Role: Data Scientist. Experience: 9 years of experience in Data Scientist.. Education: PhD in AI. Skills: Data Analysis, JavaScript, Data Science.","Looking for a ML Engineer with expertise in Excel, DevOps, C#, Node.js.",0.1703412107653551,0,role data scientist experience 9 year experience data scientist education phd ai skill data analysis javascript data science,look ml engineer expertise excel devops c node.js,0.0,0.6148206375199674
75,"Role: Data Scientist. Experience: 8 years of experience in Data Scientist.. Education: BS in Computer Science. Skills: Keras, Git, Python.","Looking for a ML Engineer with expertise in Pandas, TensorFlow, Node.js, Kubernetes, Vue.",0.0300455940450362,0,role data scientist experience 8 year experience data scientist education bs computer science skill keras git python,look ml engineer expertise pandas tensorflow node.js kubernetes vue,0.0,0.5452755623854009
76,"Role: Frontend Developer. Experience: 8 years of experience in Frontend Developer.. Education: MS in Data Science. Skills: Data Analysis, Git, Problem Solving.","Looking for a ML Engineer with expertise in Git, REST API, Hadoop, Node.js, Project Management, Keras, Excel.",0.1521703924359585,0,role frontend developer experience 8 year experience frontend developer education ms data science skill data analysis git problem solving,look ml engineer expertise git rest api hadoop node.js project management keras excel,0.14285714285714285,0.7426077929597377
77,"Role: DevOps Engineer. Experience: 11 years of experience in DevOps Engineer.. Education: BS in Computer Science. Skills: FastAPI, GraphQL, Microservices, C#, Python, Data Science.","Looking for a ML Engineer with expertise in GitHub, Pandas, React, NoSQL, Spark, Express.",0.231922848252998,0,role devops engineer experience 11 year experience devops engineer education bs computer science skill fastapi graphql microservices c python data science,look ml engineer expertise github pandas react nosql spark express,0.0,0.641511887773634
78,"Role: Software Engineer. Experience: 10 years of experience in Software Engineer.. Education: PhD in AI. Skills: TypeScript, Tableau, Machine Learning, Cloud Computing.","Looking for a Data Scientist with expertise in HTML, Docker, Microservices, Scrum, MySQL.",0.1566521977613189,0,role software engineer experience 10 year experience software engineer education phd ai skill typescript tableau machine learning cloud computing,look data scientist expertise html docker microservices scrum mysql,0.0,0.5687023715455094
79,"Role: Data Scientist. Experience: 8 years of experience in Data Scientist.. Education: BS in Computer Science. Skills: Project Management, Python, Agile, Microservices.","Looking for a Frontend Developer with expertise in Docker, JavaScript, Angular, Elasticsearch.",0.0209943311216675,0,role data scientist experience 8 year experience data scientist education bs computer science skill project management python agile microservices,look frontend developer expertise docker javascript angular elasticsearch,0.0,0.5552577873803795
80,"Role: Frontend Developer. Experience: 7 years of experience in Frontend Developer.. Education: Self-taught Developer. Skills: Tableau, Excel, Hadoop, REST API, TypeScript.","Looking for a ML Engineer with expertise in NLP, Flask, Git, Scrum, Tableau.",0.3272425447723416,0,role frontend developer experience 7 year experience frontend developer education self teach developer skill tableau excel hadoop rest api typescript,look ml engineer expertise nlp flask git scrum tableau,0.2,0.6659860352952811
81,"Role: ML Engineer. Experience: 3 years of experience in ML Engineer.. Education: MS in Data Science. Skills: Azure, GitHub, C#.","Looking for a Software Engineer with expertise in Ansible, REST API, Redis, Selenium.",0.196163864646958,0,role ml engineer experience 3 year experience ml engineer education ms data science skill azure github c,look software engineer expertise ansible rest api redis selenium,0.0,0.6024427502649811
82,"Role: Software Engineer. Experience: 11 years of experience in Software Engineer.. Education: BS in Computer Science. Skills: NLP, C#, Azure, TensorFlow, GCP.","Looking for a ML Engineer with expertise in Selenium, Communication Skills, MySQL, Express.",0.227311970609523,0,role software engineer experience 11 year experience software engineer education bs computer science skill nlp c azure tensorflow gcp,look ml engineer expertise selenium communication skills mysql express,0.0,0.7713856939936096
83,"Role: DevOps Engineer. Experience: 5 years of experience in DevOps Engineer.. Education: Self-taught Developer. Skills: Redis, GraphQL, Linux, Scrum, Communication Skills, Data Analysis.","Looking for a Software Engineer with expertise in Terraform, Java, Keras, Excel.",0.1066785612318837,0,role devops engineer experience 5 year experience devops engineer education self teach developer skill redis graphql linux scrum communication skills data analysis,look software engineer expertise terraform java keras excel,0.0,0.6688609213449729
84,"Role: Software Engineer. Experience: 12 years of experience in Software Engineer.. Education: PhD in AI. Skills: GitHub, Computer Vision, Linux, NumPy, MongoDB, Java.","Looking for a Data Scientist with expertise in MySQL, Redis, TensorFlow, Spark, JavaScript, C++, C#.",0.2983101681668146,0,role software engineer experience 12 year experience software engineer education phd ai skill github computer vision linux numpy mongodb java,look data scientist expertise mysql redis tensorflow spark javascript c++ c,0.0,0.7173133135610101
85,"Role: Software Engineer. Experience: 2 years of experience in Software Engineer.. Education: PhD in AI. Skills: Keras, Vue, NumPy, Azure, Project Management, Git, Kubernetes, Machine Learning.","Looking for a Frontend Developer with expertise in Data Science, Cloud Computing, Pandas, Data Analysis, Python, Agile.",0.1927271293529479,0,role software engineer experience 2 year experience software engineer education phd ai skill keras vue numpy azure project management git kubernetes machine learning,look frontend developer expertise data science cloud computing pandas data analysis python agile,0.0,0.8007078156683571
86,"Role: ML Engineer. Experience: 11 years of experience in ML Engineer.. Education: Self-taught Developer. Skills: Machine Learning, Cloud Computing, GCP, PyTorch, Agile.","Looking for a DevOps Engineer with expertise in PyTorch, Project Management, NLP, CSS, Express.",0.4446443671758344,0,role ml engineer experience 11 year experience ml engineer education self teach developer skill machine learning cloud computing gcp pytorch agile,look devops engineer expertise pytorch project management nlp css express,0.16666666666666666,0.6843346308261167
87,"Role: DevOps Engineer. Experience: 11 years of experience in DevOps Engineer.. Education: Self-taught Developer. Skills: Cloud Computing, Python, GCP, CSS, Pandas, GraphQL.","Looking for a Data Scientist with expertise in HTML, TypeScript, GraphQL, Kubernetes, Tableau.",0.2499957675493636,0,role devops engineer experience 11 year experience devops engineer education self teach developer skill cloud computing python gcp css pandas graphql,look data scientist expertise html typescript graphql kubernetes tableau,0.2,0.5684526420963598
88,"Role: DevOps Engineer. Experience: 13 years of experience in DevOps Engineer.. Education: PhD in AI. Skills: AWS, GCP, Machine Learning, NoSQL, Hadoop, Excel, Scrum, Python.","Looking for a ML Engineer with expertise in Microservices, Redis, Spark, GCP.",0.4051124405686208,0,role devops engineer experience 13 year experience devops engineer education phd ai skill aw gcp machine learning nosql hadoop excel scrum python,look ml engineer expertise microservices redis spark gcp,0.25,0.6313216928178325
89,"Role: Software Engineer. Experience: 15 years of experience in Software Engineer.. Education: Self-taught Developer. Skills: Spark, Machine Learning, GitHub, Azure, TypeScript.","Looking for a ML Engineer with expertise in C#, PyTorch, NLP, Keras.",0.1731176837993468,0,role software engineer experience 15 year experience software engineer education self teach developer skill spark machine learning github azure typescript,look ml engineer expertise c pytorch nlp keras,0.0,0.5503269320461713
90,"Role: DevOps Engineer. Experience: 1 years of experience in DevOps Engineer.. Education: BS in Computer Science. Skills: PostgreSQL, Tableau, Keras, Java, Terraform, CI/CD, Scikit-Learn.","Looking for a Frontend Developer with expertise in Machine Learning, DevOps, Power BI, Excel.",0.2332977430004102,0,role devops engineer experience 1 year experience devops engineer education bs computer science skill postgresql tableau keras java terraform ci cd scikit learn,look frontend developer expertise machine learning devops power bi excel,0.25,0.8166287803648027
91,"Role: Software Engineer. Experience: 9 years of experience in Software Engineer.. Education: MS in Data Science. Skills: Selenium, C++, TensorFlow, Computer Vision, FastAPI, Ansible, Vue.","Looking for a Software Engineer with expertise in REST API, FastAPI, Scikit-Learn, PyTorch, Git.",0.4583146078570485,0,role software engineer experience 9 year experience software engineer education ms data science skill selenium c++ tensorflow computer vision fastapi ansible vue,look software engineer expertise rest api fastapi scikit learn pytorch git,0.2,0.7569213941095871
92,"Role: DevOps Engineer. Experience: 11 years of experience in DevOps Engineer.. Education: BS in Computer Science. Skills: CSS, PostgreSQL, DevOps, Kubernetes, GitHub, GraphQL.","Looking for a DevOps Engineer with expertise in Keras, TypeScript, Data Science, Kubernetes, Python, Django, Azure.",0.4817458259070009,0,role devops engineer experience 11 year experience devops engineer education bs computer science skill css postgresql devops kubernetes github graphql,look devops engineer expertise keras typescript data science kubernetes python django azure,0.25,0.7604020091203129
93,"Role: Data Scientist. Experience: 10 years of experience in Data Scientist.. Education: PhD in AI. Skills: Selenium, Express, Project Management, JavaScript, Pandas.","Looking for a Data Scientist with expertise in Kubernetes, Deep Learning, TypeScript, HTML, JavaScript, Scrum.",0.4199809635314454,0,role data scientist experience 10 year experience data scientist education phd ai skill selenium express project management javascript pandas,look data scientist expertise kubernetes deep learning typescript html javascript scrum,0.16666666666666666,0.759411365212684
94,"Role: Frontend Developer. Experience: 15 years of experience in Frontend Developer.. Education: PhD in AI. Skills: Flask, Pandas, Express, CI/CD, Scikit-Learn, TypeScript, FastAPI.","Looking for a Data Scientist with expertise in Elasticsearch, Cloud Computing, Ansible, Jenkins, Microservices.",0.2175992583437063,0,role frontend developer experience 15 year experience frontend developer education phd ai skill flask pandas express ci cd scikit learn typescript fastapi,look data scientist expertise elasticsearch cloud computing ansible jenkins microservices,0.0,0.6712613675554396
95,"Role: Software Engineer. Experience: 8 years of experience in Software Engineer.. Education: PhD in AI. Skills: Kubernetes, React, SQL.","Looking for a DevOps Engineer with expertise in Azure, React, CI/CD, MongoDB, Microservices.",0.1723297446972573,0,role software engineer experience 8 year experience software engineer education phd ai skill kubernetes react sql,look devops engineer expertise azure react ci cd mongodb microservices,0.16666666666666666,0.4528933978332646
96,"Role: DevOps Engineer. Experience: 14 years of experience in DevOps Engineer.. Education: Self-taught Developer. Skills: PyTorch, GitHub, SQL, Power BI.","Looking for a Data Scientist with expertise in Pandas, NumPy, Data Analysis, C#, FastAPI, Spark, TypeScript.",0.0671837355154029,0,role devops engineer experience 14 year experience devops engineer education self teach developer skill pytorch github sql power bi,look data scientist expertise pandas numpy data analysis c fastapi spark typescript,0.0,0.617488782127456
97,"Role: DevOps Engineer. Experience: 12 years of experience in DevOps Engineer.. Education: BS in Computer Science. Skills: MySQL, NLP, C#, PyTorch, Tableau, Node.js, Vue.","Looking for a Frontend Developer with expertise in DevOps, HTML, Scrum, FastAPI, Microservices, CI/CD, Git.",0.2940230317936388,0,role devops engineer experience 12 year experience devops engineer education bs computer science skill mysql nlp c pytorch tableau node.js vue,look frontend developer expertise devops html scrum fastapi microservices ci cd git,0.14285714285714285,0.6808953146490545
98,"Role: Data Scientist. Experience: 1 years of experience in Data Scientist.. Education: PhD in AI. Skills: Keras, Selenium, Django, Docker, Python, HTML.","Looking for a DevOps Engineer with expertise in Spark, Python, Cloud Computing, NoSQL.",0.4164042800444738,0,role data scientist experience 1 year experience data scientist education phd ai skill keras selenium django docker python html,look devops engineer expertise spark python cloud computing nosql,0.2,0.6488308586427278
99,"Role: DevOps Engineer. Experience: 10 years of experience in DevOps Engineer.. Education: BS in Computer Science. Skills: Jenkins, Docker, Tableau, NoSQL.","Looking for a Software Engineer with expertise in MongoDB, Scrum, Tableau, Hadoop.",0.3833803246867863,0,role devops engineer experience 10 year experience devops engineer education bs computer science skill jenkins docker tableau nosql,look software engineer expertise mongodb scrum tableau hadoop,0.25,0.6470558468106777
100,"Role: Software Engineer. Experience: 9 years of experience in Software Engineer.. Education: Self-taught Developer. Skills: GitHub, FastAPI, GraphQL, Machine Learning, Terraform, PostgreSQL, Scrum, Hadoop.","Looking for a Frontend Developer with expertise in Angular, Azure, Power BI, MySQL.",0.2349004883921281,0,role software engineer experience 9 year experience software engineer education self teach developer skill github fastapi graphql machine learning terraform postgresql scrum hadoop,look frontend developer expertise angular azure power bi mysql,0.0,0.671949829424527
101,"Role: Frontend Developer. Experience: 10 years of experience in Frontend Developer.. Education: PhD in AI. Skills: Keras, PyTorch, AWS, Scikit-Learn.","Looking for a ML Engineer with expertise in Data Analysis, MongoDB, Power BI, Docker, TypeScript, Jenkins.",0.1268784256974661,0,role frontend developer experience 10 year experience frontend developer education phd ai skill keras pytorch aws scikit learn,look ml engineer expertise data analysis mongodb power bi docker typescript jenkins,0.0,0.7172002109506647
102,"Role: DevOps Engineer. Experience: 6 years of experience in DevOps Engineer.. Education: MS in Data Science. Skills: Problem Solving, C++, PyTorch, C#, Terraform, Angular, CSS, REST API.","Looking for a Frontend Developer with expertise in React, NoSQL, CI/CD, CSS.",0.305254293373053,0,role devops engineer experience 6 year experience devops engineer education ms data science skill problem solving c++ pytorch c terraform angular css rest api,look frontend developer expertise react nosql ci cd css,0.25,0.6795311704576895
103,"Role: Data Scientist. Experience: 15 years of experience in Data Scientist.. Education: PhD in AI. Skills: HTML, React, GraphQL, PyTorch.","Looking for a ML Engineer with expertise in AWS, Keras, Machine Learning, Project Management, Communication Skills, SQL.",0.1794115083985767,0,role data scientist experience 15 year experience data scientist education phd ai skill html react graphql pytorch,look ml engineer expertise aws keras machine learning project management communication skills sql,0.0,0.7132424975972889
104,"Role: Data Scientist. Experience: 8 years of experience in Data Scientist.. Education: Self-taught Developer. Skills: TypeScript, C#, Git, MongoDB, Selenium, CSS.","Looking for a ML Engineer with expertise in GitHub, Kubernetes, Data Science, Deep Learning, Computer Vision.",0.3677191032173741,0,role data scientist experience 8 year experience data scientist education self teach developer skill typescript c git mongodb selenium css,look ml engineer expertise github kubernetes data science deep learning computer vision,0.0,0.747081875973393
105,"Role: Frontend Developer. Experience: 2 years of experience in Frontend Developer.. Education: MS in Data Science. Skills: GraphQL, Terraform, PyTorch, Ansible.","Looking for a ML Engineer with expertise in React, Express, Terraform, AWS, GitHub.",0.226961752002723,0,role frontend developer experience 2 year experience frontend developer education ms data science skill graphql terraform pytorch ansible,look ml engineer expertise react express terraform aws github,0.2,0.620721455730091
106,"Role: Frontend Developer. Experience: 5 years of experience in Frontend Developer.. Education: PhD in AI. Skills: Selenium, Azure, Cloud Computing, Hadoop, Jenkins, C#, GitHub, GCP.","Looking for a Software Engineer with expertise in Cloud Computing, Elasticsearch, Hadoop, CSS, Python, HTML.",0.5373120376961722,0,role frontend developer experience 5 year experience frontend developer education phd ai skill selenium azure cloud computing hadoop jenkins c github gcp,look software engineer expertise cloud computing elasticsearch hadoop css python html,0.3333333333333333,0.7987458048544245
107,"Role: Frontend Developer. Experience: 12 years of experience in Frontend Developer.. Education: BS in Computer Science. Skills: GitHub, FastAPI, Express.","Looking for a ML Engineer with expertise in Problem Solving, Python, REST API, Agile, Ansible, CSS.",0.2155828427007594,0,role frontend developer experience 12 year experience frontend developer education bs computer science skill github fastapi express,look ml engineer expertise problem solving python rest api agile ansible css,0.0,0.7607958032949905
108,"Role: DevOps Engineer. Experience: 14 years of experience in DevOps Engineer.. Education: PhD in AI. Skills: Hadoop, Problem Solving, Redis, TensorFlow, Deep Learning, Java, GCP.","Looking for a Frontend Developer with expertise in FastAPI, REST API, TypeScript, Redis, TensorFlow, HTML, MongoDB.",0.1506774346319683,0,role devops engineer experience 14 year experience devops engineer education phd ai skill hadoop problem solving redis tensorflow deep learning java gcp,look frontend developer expertise fastapi rest api typescript redis tensorflow html mongodb,0.2857142857142857,0.7052154432526787
109,"Role: Software Engineer. Experience: 13 years of experience in Software Engineer.. Education: MS in Data Science. Skills: JavaScript, Terraform, Machine Learning, SQL, Vue, Kubernetes, Python.","Looking for a Data Scientist with expertise in Jenkins, Agile, PyTorch, FastAPI, Hadoop, Elasticsearch.",0.1617528824121331,0,role software engineer experience 13 year experience software engineer education ms data science skill javascript terraform machine learning sql vue kubernetes python,look data scientist expertise jenkins agile pytorch fastapi hadoop elasticsearch,0.0,0.6242115919635016
110,"Role: Data Scientist. Experience: 9 years of experience in Data Scientist.. Education: Self-taught Developer. Skills: Flask, Kubernetes, GraphQL, FastAPI.","Looking for a DevOps Engineer with expertise in GraphQL, Spark, HTML, NumPy.",0.3413655667444028,0,role data scientist experience 9 year experience data scientist education self teach developer skill flask kubernetes graphql fastapi,look devops engineer expertise graphql spark html numpy,0.2,0.4906399759956321
111,"Role: DevOps Engineer. Experience: 1 years of experience in DevOps Engineer.. Education: MS in Data Science. Skills: Excel, Power BI, Project Management, Machine Learning, Scrum, Git, C++.","Looking for a ML Engineer with expertise in Power BI, Flask, Hadoop, Jenkins.",0.4040653345620025,0,role devops engineer experience 1 year experience devops engineer education ms data science skill excel power bi project management machine learning scrum git c++,look ml engineer expertise power bi flask hadoop jenkins,0.25,0.6701524309935223
112,"Role: Data Scientist. Experience: 3 years of experience in Data Scientist.. Education: MS in Data Science. Skills: Pandas, Scikit-Learn, Docker, HTML, Kubernetes, FastAPI, SQL.","Looking for a Software Engineer with expertise in TensorFlow, Excel, Node.js, MongoDB, Linux, Angular, Azure.",0.1150233958454125,0,role data scientist experience 3 year experience data scientist education ms data science skill pandas scikit learn docker html kubernetes fastapi sql,look software engineer expertise tensorflow excel node.js mongodb linux angular azure,0.0,0.5852026131157694
113,"Role: Software Engineer. Experience: 1 years of experience in Software Engineer.. Education: PhD in AI. Skills: SQL, Vue, Express, GCP, Problem Solving.","Looking for a ML Engineer with expertise in Terraform, Vue, Flask, Spark, Microservices, MongoDB, SQL.",0.395057820644013,0,role software engineer experience 1 year experience software engineer education phd ai skill sql vue express gcp problem solving,look ml engineer expertise terraform vue flask spark microservices mongodb sql,0.2857142857142857,0.6399281816181227
114,"Role: Frontend Developer. Experience: 3 years of experience in Frontend Developer.. Education: BS in Computer Science. Skills: Django, Express, Jenkins, PyTorch, JavaScript, TypeScript, Communication Skills, AWS.","Looking for a Frontend Developer with expertise in PostgreSQL, TypeScript, Scikit-Learn, GitHub, Excel, React.",0.4230873346810962,0,role frontend developer experience 3 year experience frontend developer education bs computer science skill django express jenkins pytorch javascript typescript communication skills aws,look frontend developer expertise postgresql typescript scikit learn github excel react,0.16666666666666666,0.8098198690908771
115,"Role: Frontend Developer. Experience: 14 years of experience in Frontend Developer.. Education: MS in Data Science. Skills: Vue, Problem Solving, Python, Jenkins, Linux, CSS.","Looking for a Frontend Developer with expertise in Java, GraphQL, Jenkins, Tableau.",0.4959877544994466,0,role frontend developer experience 14 year experience frontend developer education ms data science skill vue problem solving python jenkins linux css,look frontend developer expertise java graphql jenkins tableau,0.25,0.8368583999064065
116,"Role: ML Engineer. Experience: 9 years of experience in ML Engineer.. Education: Self-taught Developer. Skills: Power BI, FastAPI, SQL.","Looking for a ML Engineer with expertise in Express, JavaScript, REST API, MongoDB, Tableau, Agile, SQL.",0.3112318734440193,0,role ml engineer experience 9 year experience ml engineer education self teach developer skill power bi fastapi sql,look ml engineer expertise express javascript rest api mongodb tableau agile sql,0.14285714285714285,0.7073356852514808
117,"Role: Frontend Developer. Experience: 12 years of experience in Frontend Developer.. Education: MS in Data Science. Skills: Python, Data Science, Docker.","Looking for a Software Engineer with expertise in AWS, Flask, Computer Vision, Node.js, HTML, Ansible, Problem Solving.",0.0971689482949606,0,role frontend developer experience 12 year experience frontend developer education ms data science skill python data science docker,look software engineer expertise aws flask computer vision node.js html ansible problem solving,0.0,0.6784176405881212
118,"Role: Data Scientist. Experience: 1 years of experience in Data Scientist.. Education: BS in Computer Science. Skills: Pandas, REST API, Power BI, NumPy, Linux, Flask, Azure, Agile.","Looking for a ML Engineer with expertise in React, CSS, Problem Solving, AWS, Ansible, Deep Learning.",0.0955866942715847,0,role data scientist experience 1 year experience data scientist education bs computer science skill panda rest api power bi numpy linux flask azure agile,look ml engineer expertise react css problem solving aws ansible deep learning,0.0,0.6567076179938275
119,"Role: Frontend Developer. Experience: 9 years of experience in Frontend Developer.. Education: MS in Data Science. Skills: Redis, Data Science, NLP, Git.","Looking for a DevOps Engineer with expertise in Git, Tableau, Scikit-Learn, C++.",0.4369662430174983,0,role frontend developer experience 9 year experience frontend developer education ms data science skill redis data science nlp git,look devops engineer expertise git tableau scikit learn c++,0.2,0.6742552620380764
120,"Role: Data Scientist. Experience: 15 years of experience in Data Scientist.. Education: MS in Data Science. Skills: NoSQL, AWS, Docker.","Looking for a DevOps Engineer with expertise in Ansible, Excel, Node.js, Django.",0.3357563119124813,0,role data scientist experience 15 year experience data scientist education ms data science skill nosql aws docker,look devops engineer expertise ansible excel node.js django,0.0,0.5198702073401216
121,"Role: DevOps Engineer. Experience: 1 years of experience in DevOps Engineer.. Education: BS in Computer Science. Skills: Scrum, Computer Vision, NumPy, GraphQL, REST API.","Looking for a DevOps Engineer with expertise in FastAPI, NoSQL, Express, Power BI.",0.3641707696320137,0,role devops engineer experience 1 year experience devops engineer education bs computer science skill scrum computer vision numpy graphql rest api,look devops engineer expertise fastapi nosql express power bi,0.2,0.7754080861164173
122,"Role: Data Scientist. Experience: 4 years of experience in Data Scientist.. Education: MS in Data Science. Skills: Excel, Communication Skills, Deep Learning.","Looking for a Data Scientist with expertise in Linux, GitHub, Project Management, Hadoop, Computer Vision, Cloud Computing, Elasticsearch.",0.2725955366277633,0,role data scientist experience 4 year experience data scientist education ms data science skill excel communication skills deep learning,look data scientist expertise linux github project management hadoop computer vision cloud computing elasticsearch,0.0,0.6432056302368955
123,"Role: Frontend Developer. Experience: 3 years of experience in Frontend Developer.. Education: PhD in AI. Skills: Kubernetes, Communication Skills, CSS, CI/CD.","Looking for a ML Engineer with expertise in Express, C++, Linux, GraphQL, Java, Scrum.",0.1230470423909248,0,role frontend developer experience 3 year experience frontend developer education phd ai skill kubernete communication skills css ci cd,look ml engineer expertise express c++ linux graphql java scrum,0.0,0.7485259186065537
124,"Role: Software Engineer. Experience: 7 years of experience in Software Engineer.. Education: Self-taught Developer. Skills: MySQL, Docker, Angular, MongoDB.","Looking for a Software Engineer with expertise in Terraform, FastAPI, C#, TypeScript, Microservices.",0.2818142049109166,0,role software engineer experience 7 year experience software engineer education self teach developer skill mysql docker angular mongodb,look software engineer expertise terraform fastapi c typescript microservices,0.0,0.7130350162561375
125,"Role: Data Scientist. Experience: 8 years of experience in Data Scientist.. Education: Self-taught Developer. Skills: C#, Deep Learning, Vue, Data Analysis, CI/CD, React.","Looking for a Software Engineer with expertise in Elasticsearch, Excel, MongoDB, NumPy, Power BI, Scrum, Terraform.",0.1822034844323251,0,role data scientist experience 8 year experience data scientist education self teach developer skill c deep learning vue data analysis ci cd react,look software engineer expertise elasticsearch excel mongodb numpy power bi scrum terraform,0.0,0.5919128954440991
126,"Role: Software Engineer. Experience: 2 years of experience in Software Engineer.. Education: Self-taught Developer. Skills: REST API, SQL, Java, JavaScript, React, TensorFlow.","Looking for a DevOps Engineer with expertise in TensorFlow, Data Science, Communication Skills, Hadoop, TypeScript, Vue.",0.233759698432274,0,role software engineer experience 2 year experience software engineer education self teach developer skill rest api sql java javascript react tensorflow,look devops engineer expertise tensorflow data science communication skills hadoop typescript vue,0.14285714285714285,0.671934369772906
127,"Role: Software Engineer. Experience: 3 years of experience in Software Engineer.. Education: BS in Computer Science. Skills: HTML, Cloud Computing, Angular, AWS, Express, Pandas, Redis.","Looking for a Data Scientist with expertise in Git, Ansible, FastAPI, Agile, REST API, Pandas, Kubernetes.",0.2901538404312466,0,role software engineer experience 3 year experience software engineer education bs computer science skill html cloud computing angular aws express pandas redis,look data scientist expertise git ansible fastapi agile rest api pandas kubernetes,0.14285714285714285,0.7136337586807258
128,"Role: ML Engineer. Experience: 14 years of experience in ML Engineer.. Education: BS in Computer Science. Skills: Linux, Scrum, Express, Communication Skills, Machine Learning, Keras.","Looking for a ML Engineer with expertise in Deep Learning, PostgreSQL, Vue, Cloud Computing, Problem Solving, Angular.",0.390981941369961,0,role ml engineer experience 14 year experience ml engineer education bs computer science skill linux scrum express communication skills machine learning keras,look ml engineer expertise deep learning postgresql vue cloud computing problem solving angular,0.0,0.8046599825726879
129,"Role: DevOps Engineer. Experience: 2 years of experience in DevOps Engineer.. Education: PhD in AI. Skills: HTML, Problem Solving, Docker, FastAPI, Pandas, NoSQL, NumPy, GCP.","Looking for a Data Scientist with expertise in Node.js, Power BI, C#, Jenkins, Linux.",0.1119856429288412,0,role devops engineer experience 2 year experience devops engineer education phd ai skill html problem solving docker fastapi pandas nosql numpy gcp,look data scientist expertise node.js power bi c jenkins linux,0.0,0.6722975783516402
130,"Role: Software Engineer. Experience: 1 years of experience in Software Engineer.. Education: MS in Data Science. Skills: Angular, Django, TypeScript, REST API, Cloud Computing.","Looking for a DevOps Engineer with expertise in Data Analysis, Flask, C++, Ansible.",0.1255480287519408,0,role software engineer experience 1 year experience software engineer education ms data science skill angular django typescript rest api cloud computing,look devops engineer expertise data analysis flask c++ ansible,0.0,0.7059917084404471
131,"Role: Data Scientist. Experience: 6 years of experience in Data Scientist.. Education: Self-taught Developer. Skills: Selenium, CSS, MongoDB, Git.","Looking for a Frontend Developer with expertise in TensorFlow, Node.js, Docker, Agile, Scrum, Excel, Scikit-Learn.",0.0797278635933887,0,role data scientist experience 6 year experience data scientist education self teach developer skill selenium css mongodb git,look frontend developer expertise tensorflow node.js docker agile scrum excel scikit learn,0.0,0.7124708977499614
132,"Role: Frontend Developer. Experience: 13 years of experience in Frontend Developer.. Education: BS in Computer Science. Skills: Selenium, Microservices, Scrum, C++, Keras.","Looking for a Frontend Developer with expertise in CI/CD, Cloud Computing, TensorFlow, GCP.",0.2595427699139782,0,role frontend developer experience 13 year experience frontend developer education bs computer science skill selenium microservices scrum c++ keras,look frontend developer expertise ci cd cloud computing tensorflow gcp,0.0,0.7601879019257114
133,"Role: DevOps Engineer. Experience: 6 years of experience in DevOps Engineer.. Education: MS in Data Science. Skills: GCP, Ansible, Tableau, MongoDB.","Looking for a Software Engineer with expertise in Linux, PostgreSQL, Python, Java, React, Excel, Vue.",0.2030905345032506,0,role devops engineer experience 6 year experience devops engineer education ms data science skill gcp ansible tableau mongodb,look software engineer expertise linux postgresql python java react excel vue,0.0,0.49279010218144376
134,"Role: DevOps Engineer. Experience: 15 years of experience in DevOps Engineer.. Education: MS in Data Science. Skills: MySQL, Linux, React, Scikit-Learn, Power BI.","Looking for a Software Engineer with expertise in Power BI, Keras, C++, Linux, Scrum.",0.478701664068338,0,role devops engineer experience 15 year experience devops engineer education ms data science skill mysql linux react scikit learn power bi,look software engineer expertise power bi keras c++ linux scrum,0.4,0.7783098967132999
135,"Role: DevOps Engineer. Experience: 2 years of experience in DevOps Engineer.. Education: Self-taught Developer. Skills: Deep Learning, SQL, Machine Learning, Pandas, Linux.","Looking for a Software Engineer with expertise in C++, TensorFlow, Data Analysis, GCP, Deep Learning, Ansible, Power BI.",0.3485703126873377,0,role devops engineer experience 2 year experience devops engineer education self teach developer skill deep learning sql machine learning pandas linux,look software engineer expertise c++ tensorflow data analysis gcp deep learning ansible power bi,0.14285714285714285,0.8316581218494326
136,"Role: ML Engineer. Experience: 10 years of experience in ML Engineer.. Education: MS in Data Science. Skills: Ansible, TensorFlow, Redis, Power BI, MongoDB, PyTorch.","Looking for a Data Scientist with expertise in Jenkins, Communication Skills, Django, Git.",0.1131838082186445,0,role ml engineer experience 10 year experience ml engineer education ms data science skill ansible tensorflow redis power bi mongodb pytorch,look data scientist expertise jenkins communication skills django git,0.0,0.7373698054179355
137,"Role: Software Engineer. Experience: 1 years of experience in Software Engineer.. Education: PhD in AI. Skills: Tableau, Excel, AWS, MySQL, Git, FastAPI, NLP.","Looking for a Frontend Developer with expertise in Kubernetes, Machine Learning, TypeScript, Linux, Elasticsearch, Scrum.",0.0591142997648148,0,role software engineer experience 1 year experience software engineer education phd ai skill tableau excel aws mysql git fastapi nlp,look frontend developer expertise kubernetes machine learning typescript linux elasticsearch scrum,0.0,0.7697864012112909
138,"Role: Data Scientist. Experience: 10 years of experience in Data Scientist.. Education: MS in Data Science. Skills: Git, REST API, Flask, GCP, Pandas, Angular, Communication Skills.","Looking for a Data Scientist with expertise in Jenkins, MongoDB, Ansible, MySQL, Machine Learning.",0.385718866653883,0,role data scientist experience 10 year experience data scientist education ms data science skill git rest api flask gcp pandas angular communication skills,look data scientist expertise jenkins mongodb ansible mysql machine learning,0.0,0.7273961569311748
139,"Role: Data Scientist. Experience: 1 years of experience in Data Scientist.. Education: MS in Data Science. Skills: Scrum, SQL, Terraform, Django, MongoDB.","Looking for a ML Engineer with expertise in CSS, MongoDB, C++, Data Analysis, Python, Tableau.",0.2879645870350523,0,role data scientist experience 1 year experience data scientist education ms data science skill scrum sql terraform django mongodb,look ml engineer expertise css mongodb c++ data analysis python tableau,0.16666666666666666,0.7397001333432655
140,"Role: ML Engineer. Experience: 5 years of experience in ML Engineer.. Education: BS in Computer Science. Skills: Linux, MySQL, Excel, Project Management, Node.js.","Looking for a Data Scientist with expertise in Tableau, TypeScript, Microservices, Scikit-Learn, JavaScript, C#.",0.2810572752374624,0,role ml engineer experience 5 year experience ml engineer education bs computer science skill linux mysql excel project management node.js,look data scientist expertise tableau typescript microservices scikit learn javascript c,0.0,0.6166352377742882
141,"Role: ML Engineer. Experience: 13 years of experience in ML Engineer.. Education: BS in Computer Science. Skills: GitHub, Microservices, Agile, React, Computer Vision, Selenium, JavaScript, Data Analysis.","Looking for a ML Engineer with expertise in Django, Vue, Linux, Deep Learning.",0.2918915693493401,0,role ml engineer experience 13 year experience ml engineer education bs computer science skill github microservices agile react computer vision selenium javascript data analysis,look ml engineer expertise django vue linux deep learning,0.0,0.7188789392367589
142,"Role: DevOps Engineer. Experience: 6 years of experience in DevOps Engineer.. Education: MS in Data Science. Skills: Selenium, HTML, Azure, PyTorch, Agile, TypeScript, Computer Vision, GitHub.","Looking for a Software Engineer with expertise in Flask, CI/CD, CSS, Communication Skills, PostgreSQL.",0.260373697794278,0,role devops engineer experience 6 year experience devops engineer education ms data science skill selenium html azure pytorch agile typescript computer vision github,look software engineer expertise flask ci cd css communication skills postgresql,0.0,0.7011115724728265
143,"Role: Data Scientist. Experience: 15 years of experience in Data Scientist.. Education: PhD in AI. Skills: PostgreSQL, Hadoop, React, Tableau, C++.","Looking for a ML Engineer with expertise in Data Analysis, Git, MongoDB, REST API.",0.0491767303472621,0,role data scientist experience 15 year experience data scientist education phd ai skill postgresql hadoop react tableau c++,look ml engineer expertise data analysis git mongodb rest api,0.0,0.7561187653100947
144,"Role: Data Scientist. Experience: 1 years of experience in Data Scientist.. Education: MS in Data Science. Skills: Java, Elasticsearch, Deep Learning.","Looking for a Software Engineer with expertise in TypeScript, Flask, Data Analysis, NLP.",0.2088037103100647,0,role data scientist experience 1 year experience data scientist education ms data science skill java elasticsearch deep learning,look software engineer expertise typescript flask data analysis nlp,0.0,0.7459047874265164
145,"Role: Software Engineer. Experience: 4 years of experience in Software Engineer.. Education: BS in Computer Science. Skills: C#, JavaScript, PyTorch, Azure, MongoDB, Hadoop, NoSQL, Spark.","Looking for a Software Engineer with expertise in Django, FastAPI, Communication Skills, Python, Data Analysis, GCP.",0.3470098325420365,0,role software engineer experience 4 year experience software engineer education bs computer science skill c javascript pytorch azure mongodb hadoop nosql spark,look software engineer expertise django fastapi communication skills python data analysis gcp,0.0,0.8428312739920365
146,"Role: DevOps Engineer. Experience: 10 years of experience in DevOps Engineer.. Education: Self-taught Developer. Skills: Express, NumPy, Deep Learning.","Looking for a ML Engineer with expertise in HTML, SQL, Redis, Scrum, C#, Computer Vision, React.",0.0831514723229467,0,role devops engineer experience 10 year experience devops engineer education self teach developer skill express numpy deep learning,look ml engineer expertise html sql redis scrum c computer vision react,0.0,0.6901940794326119
147,"Role: DevOps Engineer. Experience: 12 years of experience in DevOps Engineer.. Education: BS in Computer Science. Skills: HTML, TypeScript, C#, GitHub.","Looking for a DevOps Engineer with expertise in Jenkins, TypeScript, Git, PostgreSQL, DevOps.",0.5990654400384885,0,role devops engineer experience 12 year experience devops engineer education bs computer science skill html typescript c github,look devops engineer expertise jenkins typescript git postgresql devops,0.4,0.7033271973019988
148,"Role: Software Engineer. Experience: 5 years of experience in Software Engineer.. Education: Self-taught Developer. Skills: TypeScript, DevOps, Ansible, MongoDB, CI/CD.","Looking for a ML Engineer with expertise in Terraform, JavaScript, Keras, Ansible, CSS, Scikit-Learn.",0.0986553924802694,0,role software engineer experience 5 year experience software engineer education self teach developer skill typescript devops ansible mongodb ci cd,look ml engineer expertise terraform javascript keras ansible css scikit learn,0.16666666666666666,0.6512908903238662
149,"Role: Frontend Developer. Experience: 3 years of experience in Frontend Developer.. Education: PhD in AI. Skills: FastAPI, Spark, Terraform.","Looking for a Software Engineer with expertise in Git, Project Management, Terraform, Data Analysis, MySQL, Problem Solving.",0.2665403270409629,0,role frontend developer experience 3 year experience frontend developer education phd ai skill fastapi spark terraform,look software engineer expertise git project management terraform data analysis mysql problem solving,0.16666666666666666,0.8230797491796701
150,"Role: DevOps Engineer. Experience: 7 years of experience in DevOps Engineer.. Education: MS in Data Science. Skills: Flask, React, NoSQL.","Looking for a DevOps Engineer with expertise in Problem Solving, Data Science, Machine Learning, NLP.",0.5692699426187595,0,role devops engineer experience 7 year experience devops engineer education ms data science skill flask react nosql,look devops engineer expertise problem solving data science machine learning nlp,0.4,0.7867804843185935
151,"Role: DevOps Engineer. Experience: 2 years of experience in DevOps Engineer.. Education: MS in Data Science. Skills: Angular, MySQL, SQL, Pandas, HTML, Project Management, Deep Learning, Problem Solving.","Looking for a Frontend Developer with expertise in GitHub, Cloud Computing, MySQL, Keras, Angular, Linux.",0.4031993495724455,0,role devops engineer experience 2 year experience devops engineer education ms data science skill angular mysql sql pandas html project management deep learning problem solving,look frontend developer expertise github cloud computing mysql keras angular linux,0.3333333333333333,0.7488064123537227
152,"Role: ML Engineer. Experience: 2 years of experience in ML Engineer.. Education: PhD in AI. Skills: Problem Solving, Data Science, Scrum, NLP, NoSQL, Deep Learning, Node.js, JavaScript.","Looking for a Data Scientist with expertise in TypeScript, NLP, Computer Vision, Elasticsearch, Hadoop, Pandas, C++.",0.3330617273668192,0,role ml engineer experience 2 year experience ml engineer education phd ai skill problem solving data science scrum nlp nosql deep learning node.js javascript,look data scientist expertise typescript nlp computer vision elasticsearch hadoop pandas c++,0.14285714285714285,0.6747363558670826
153,"Role: Frontend Developer. Experience: 8 years of experience in Frontend Developer.. Education: BS in Computer Science. Skills: NumPy, DevOps, Django, Deep Learning, MySQL, Microservices, Docker, NLP.","Looking for a Frontend Developer with expertise in Elasticsearch, SQL, Java, Git, Tableau.",0.4413565924596201,0,role frontend developer experience 8 year experience frontend developer education bs computer science skill numpy devops django deep learning mysql microservices docker nlp,look frontend developer expertise elasticsearch sql java git tableau,0.0,0.7556394683942159
154,"Role: Software Engineer. Experience: 5 years of experience in Software Engineer.. Education: PhD in AI. Skills: Excel, HTML, Python, Linux, NumPy, Flask.","Looking for a DevOps Engineer with expertise in Selenium, Keras, Excel, MySQL, GitHub.",0.0765900539291028,0,role software engineer experience 5 year experience software engineer education phd ai skill excel html python linux numpy flask,look devops engineer expertise selenium keras excel mysql github,0.16666666666666666,0.6622850736667182
155,"Role: Data Scientist. Experience: 8 years of experience in Data Scientist.. Education: PhD in AI. Skills: C#, Excel, MongoDB, Flask, Project Management, Microservices, PostgreSQL, Node.js.","Looking for a DevOps Engineer with expertise in Machine Learning, Agile, Flask, React, MySQL.",0.2754580523027221,0,role data scientist experience 8 year experience data scientist education phd ai skill c excel mongodb flask project management microservices postgresql node.js,look devops engineer expertise machine learning agile flask react mysql,0.16666666666666666,0.6899024533216621
156,"Role: DevOps Engineer. Experience: 1 years of experience in DevOps Engineer.. Education: PhD in AI. Skills: Jenkins, Git, Keras, C++.","Looking for a DevOps Engineer with expertise in GraphQL, Tableau, Spark, Microservices, Data Analysis, Pandas.",0.4522436417793515,0,role devops engineer experience 1 year experience devops engineer education phd ai skill jenkins git keras c++,look devops engineer expertise graphql tableau spark microservices data analysis pandas,0.14285714285714285,0.7290133314876603
157,"Role: Frontend Developer. Experience: 14 years of experience in Frontend Developer.. Education: BS in Computer Science. Skills: Pandas, Git, Power BI, Hadoop, Jenkins.","Looking for a Software Engineer with expertise in Docker, NumPy, Tableau, Linux, Terraform, Machine Learning, Microservices.",0.32521026328916,0,role frontend developer experience 14 year experience frontend developer education bs computer science skill pandas git power bi hadoop jenkins,look software engineer expertise docker numpy tableau linux terraform machine learning microservices,0.0,0.7547953807699163
158,"Role: Data Scientist. Experience: 2 years of experience in Data Scientist.. Education: PhD in AI. Skills: AWS, Scikit-Learn, Excel, Spark, Java, CI/CD, Docker, Project Management.","Looking for a Software Engineer with expertise in NoSQL, Django, DevOps, NumPy, Ansible, Elasticsearch.",0.2675911705041183,0,role data scientist experience 2 year experience data scientist education phd ai skill aw scikit learn excel spark java ci cd docker project management,look software engineer expertise nosql django devops numpy ansible elasticsearch,0.0,0.4401439638823949
159,"Role: Frontend Developer. Experience: 11 years of experience in Frontend Developer.. Education: Self-taught Developer. Skills: Spark, DevOps, TypeScript, Computer Vision, Machine Learning, GCP.","Looking for a ML Engineer with expertise in Cloud Computing, CSS, Vue, TensorFlow, Redis, Project Management.",0.3546329329818866,0,role frontend developer experience 11 year experience frontend developer education self teach developer skill spark devops typescript computer vision machine learning gcp,look ml engineer expertise cloud computing css vue tensorflow redis project management,0.0,0.7646873338978725
160,"Role: Data Scientist. Experience: 15 years of experience in Data Scientist.. Education: BS in Computer Science. Skills: Kubernetes, NoSQL, Django, Ansible, FastAPI, Computer Vision, Tableau, C++.","Looking for a DevOps Engineer with expertise in Django, JavaScript, Java, DevOps.",0.3608829126950115,0,role data scientist experience 15 year experience data scientist education bs computer science skill kubernete nosql django ansible fastapi computer vision tableau c++,look devops engineer expertise django javascript java devops,0.25,0.5233758754796428
161,"Role: Frontend Developer. Experience: 10 years of experience in Frontend Developer.. Education: BS in Computer Science. Skills: Machine Learning, NumPy, MySQL, HTML, Data Analysis, React, CSS.","Looking for a Software Engineer with expertise in GraphQL, Deep Learning, Azure, Agile, Excel, Spark, Power BI.",0.1727968707721631,0,role frontend developer experience 10 year experience frontend developer education bs computer science skill machine learning numpy mysql html data analysis react css,look software engineer expertise graphql deep learning azure agile excel spark power bi,0.0,0.7589536022000137
162,"Role: Software Engineer. Experience: 12 years of experience in Software Engineer.. Education: Self-taught Developer. Skills: MongoDB, CSS, Ansible.","Looking for a Data Scientist with expertise in TensorFlow, Hadoop, GitHub, Node.js, Computer Vision, MySQL, MongoDB.",0.3292017753384752,0,role software engineer experience 12 year experience software engineer education self teach developer skill mongodb css ansible,look data scientist expertise tensorflow hadoop github node.js computer vision mysql mongodb,0.14285714285714285,0.5986115732547721
163,"Role: Software Engineer. Experience: 12 years of experience in Software Engineer.. Education: BS in Computer Science. Skills: Azure, Docker, Elasticsearch, JavaScript.","Looking for a ML Engineer with expertise in Azure, Node.js, NLP, Keras.",0.4662892643251332,0,role software engineer experience 12 year experience software engineer education bs computer science skill azure docker elasticsearch javascript,look ml engineer expertise azure node.js nlp keras,0.25,0.5884182698017151
164,"Role: ML Engineer. Experience: 7 years of experience in ML Engineer.. Education: MS in Data Science. Skills: Excel, Node.js, HTML, Redis, SQL, Data Analysis, Machine Learning, PyTorch.","Looking for a Software Engineer with expertise in FastAPI, C++, Machine Learning, Git, Agile.",0.3500793492826624,0,role ml engineer experience 7 year experience ml engineer education ms data science skill excel node.js html redis sql data analysis machine learning pytorch,look software engineer expertise fastapi c++ machine learning git agile,0.2,0.7835400844307451
165,"Role: Frontend Developer. Experience: 13 years of experience in Frontend Developer.. Education: Self-taught Developer. Skills: Machine Learning, TensorFlow, Project Management, CSS, Problem Solving.","Looking for a Frontend Developer with expertise in Docker, Agile, Cloud Computing, Azure, Ansible, Flask.",0.2357797463108617,0,role frontend developer experience 13 year experience frontend developer education self teach developer skill machine learning tensorflow project management css problem solving,look frontend developer expertise docker agile cloud computing azure ansible flask,0.0,0.7136415408685111
166,"Role: DevOps Engineer. Experience: 3 years of experience in DevOps Engineer.. Education: MS in Data Science. Skills: Pandas, Selenium, CI/CD, Angular.","Looking for a Frontend Developer with expertise in Excel, MongoDB, Kubernetes, Microservices, Keras, GraphQL.",0.2955568752142134,0,role devops engineer experience 3 year experience devops engineer education ms data science skill pandas selenium ci cd angular,look frontend developer expertise excel mongodb kubernetes microservices keras graphql,0.0,0.5757032225044749
167,"Role: DevOps Engineer. Experience: 3 years of experience in DevOps Engineer.. Education: Self-taught Developer. Skills: Kubernetes, Java, Elasticsearch, Problem Solving, Jenkins, AWS.","Looking for a Frontend Developer with expertise in Terraform, Data Analysis, JavaScript, Scrum, Data Science, Excel.",0.1693646476673891,0,role devops engineer experience 3 year experience devops engineer education self teach developer skill kubernetes java elasticsearch problem solving jenkins aws,look frontend developer expertise terraform data analysis javascript scrum data science excel,0.0,0.7261182013686851
168,"Role: DevOps Engineer. Experience: 15 years of experience in DevOps Engineer.. Education: BS in Computer Science. Skills: Selenium, Hadoop, Git, Excel, NumPy, Java, Scrum, PyTorch.","Looking for a Software Engineer with expertise in Agile, Elasticsearch, Scikit-Learn, Node.js, NLP, HTML.",0.1302843095348293,0,role devops engineer experience 15 year experience devops engineer education bs computer science skill selenium hadoop git excel numpy java scrum pytorch,look software engineer expertise agile elasticsearch scikit learn node.js nlp html,0.0,0.7086080810442849
169,"Role: Software Engineer. Experience: 4 years of experience in Software Engineer.. Education: Self-taught Developer. Skills: CI/CD, CSS, Spark.","Looking for a Data Scientist with expertise in Deep Learning, Node.js, Python, Keras, Communication Skills, Flask.",0.3399826508558921,0,role software engineer experience 4 year experience software engineer education self teach developer skill ci cd css spark,look data scientist expertise deep learning node.js python keras communication skills flask,0.0,0.7610912206417768
170,"Role: Data Scientist. Experience: 12 years of experience in Data Scientist.. Education: Self-taught Developer. Skills: TensorFlow, Azure, Pandas, CI/CD, PostgreSQL, Jenkins, Python.","Looking for a Data Scientist with expertise in Ansible, JavaScript, Deep Learning, Node.js.",0.4192731467858155,0,role data scientist experience 12 year experience data scientist education self teach developer skill tensorflow azure pandas ci cd postgresql jenkins python,look data scientist expertise ansible javascript deep learning node.js,0.0,0.7241588762852915
171,"Role: Frontend Developer. Experience: 5 years of experience in Frontend Developer.. Education: Self-taught Developer. Skills: Flask, FastAPI, Ansible, Scrum, Microservices, Elasticsearch.","Looking for a Frontend Developer with expertise in Selenium, CI/CD, GitHub, Pandas.",0.3837108621719793,0,role frontend developer experience 5 year experience frontend developer education self teach developer skill flask fastapi ansible scrum microservices elasticsearch,look frontend developer expertise selenium ci cd github pandas,0.0,0.7080972443382034
172,"Role: Software Engineer. Experience: 11 years of experience in Software Engineer.. Education: MS in Data Science. Skills: SQL, JavaScript, GitHub, Data Science, Flask, CSS, React.","Looking for a Software Engineer with expertise in JavaScript, DevOps, AWS, Git.",0.5614039561433131,0,role software engineer experience 11 year experience software engineer education ms data science skill sql javascript github data science flask css react,look software engineer expertise javascript devops aws git,0.25,0.7612842682449861
173,"Role: ML Engineer. Experience: 6 years of experience in ML Engineer.. Education: Self-taught Developer. Skills: Kubernetes, Scikit-Learn, C++, Angular, Flask.","Looking for a ML Engineer with expertise in React, Django, Azure, Redis, Vue, NumPy.",0.4051999425701184,0,role ml engineer experience 6 year experience ml engineer education self teach developer skill kubernetes scikit learn c++ angular flask,look ml engineer expertise react django azure redis vue numpy,0.0,0.40919486444873954
174,"Role: Software Engineer. Experience: 9 years of experience in Software Engineer.. Education: MS in Data Science. Skills: Data Science, Power BI, FastAPI, Cloud Computing, NLP, Communication Skills, MongoDB.","Looking for a DevOps Engineer with expertise in Elasticsearch, TypeScript, Azure, C#, Keras, Pandas.",0.2145813307753818,0,role software engineer experience 9 year experience software engineer education ms data science skill data science power bi fastapi cloud computing nlp communication skills mongodb,look devops engineer expertise elasticsearch typescript azure c keras pandas,0.0,0.42349487232665284
175,"Role: Software Engineer. Experience: 11 years of experience in Software Engineer.. Education: Self-taught Developer. Skills: Microservices, Angular, Linux, TypeScript, FastAPI.","Looking for a Data Scientist with expertise in Express, Project Management, CSS, CI/CD.",0.1868267880703887,0,role software engineer experience 11 year experience software engineer education self teach developer skill microservices angular linux typescript fastapi,look data scientist expertise express project management css ci cd,0.0,0.7180013444621726
176,"Role: Data Scientist. Experience: 11 years of experience in Data Scientist.. Education: PhD in AI. Skills: Keras, React, DevOps, Scrum, MySQL.","Looking for a Data Scientist with expertise in Elasticsearch, Express, AWS, Computer Vision, NLP.",0.4108449271232435,0,role data scientist experience 11 year experience data scientist education phd ai skill keras react devops scrum mysql,look data scientist expertise elasticsearch express aws computer vision nlp,0.0,0.769703504447957
177,"Role: Frontend Developer. Experience: 7 years of experience in Frontend Developer.. Education: PhD in AI. Skills: TypeScript, Project Management, Node.js.","Looking for a Frontend Developer with expertise in TensorFlow, NoSQL, DevOps, AWS, Pandas.",0.3171464137054079,0,role frontend developer experience 7 year experience frontend developer education phd ai skill typescript project management node.js,look frontend developer expertise tensorflow nosql devops aws pandas,0.0,0.6708889896506491
178,"Role: Software Engineer. Experience: 15 years of experience in Software Engineer.. Education: Self-taught Developer. Skills: SQL, MongoDB, Power BI, NLP, DevOps.","Looking for a Data Scientist with expertise in Data Analysis, Jenkins, MongoDB, Deep Learning.",0.3054365962519758,0,role software engineer experience 15 year experience software engineer education self teach developer skill sql mongodb power bi nlp devops,look data scientist expertise data analysis jenkins mongodb deep learning,0.25,0.7474293869412285
179,"Role: Software Engineer. Experience: 14 years of experience in Software Engineer.. Education: Self-taught Developer. Skills: Terraform, Ansible, Node.js.","Looking for a Frontend Developer with expertise in Microservices, Excel, TensorFlow, Data Science, Deep Learning, Tableau.",0.3219728505594552,0,role software engineer experience 14 year experience software engineer education self teach developer skill terraform ansible node.js,look frontend developer expertise microservices excel tensorflow data science deep learning tableau,0.0,0.7612279183296476
180,"Role: Data Scientist. Experience: 1 years of experience in Data Scientist.. Education: Self-taught Developer. Skills: PyTorch, Pandas, Microservices, Python, Machine Learning, NumPy.","Looking for a Software Engineer with expertise in Kubernetes, Selenium, Express, Data Analysis, SQL, Tableau.",0.2704230360211579,0,role data scientist experience 1 year experience data scientist education self teach developer skill pytorch pandas microservices python machine learning numpy,look software engineer expertise kubernetes selenium express data analysis sql tableau,0.0,0.8201919240762474
181,"Role: ML Engineer. Experience: 3 years of experience in ML Engineer.. Education: Self-taught Developer. Skills: React, GraphQL, MySQL, Problem Solving, Deep Learning, Kubernetes, Communication Skills.","Looking for a DevOps Engineer with expertise in Tableau, MongoDB, Keras, Pandas, Linux, NLP.",0.2048599757371693,0,role ml engineer experience 3 year experience ml engineer education self teach developer skill react graphql mysql problem solving deep learning kubernetes communication skills,look devops engineer expertise tableau mongodb keras pandas linux nlp,0.0,0.44535296657823803
182,"Role: Software Engineer. Experience: 14 years of experience in Software Engineer.. Education: BS in Computer Science. Skills: Scikit-Learn, Terraform, Agile, CI/CD, Jenkins.","Looking for a Data Scientist with expertise in GitHub, Machine Learning, Keras, CSS, Cloud Computing, HTML.",0.371173357306927,0,role software engineer experience 14 year experience software engineer education bs computer science skill scikit learn terraform agile ci cd jenkins,look data scientist expertise github machine learning keras css cloud computing html,0.0,0.7956742478821816
183,"Role: Frontend Developer. Experience: 5 years of experience in Frontend Developer.. Education: Self-taught Developer. Skills: Django, CSS, SQL.","Looking for a Software Engineer with expertise in Git, GitHub, Problem Solving, Jenkins.",0.2943851266975425,0,role frontend developer experience 5 year experience frontend developer education self teach developer skill django css sql,look software engineer expertise git github problem solving jenkins,0.0,0.7518449765904343
184,"Role: ML Engineer. Experience: 10 years of experience in ML Engineer.. Education: PhD in AI. Skills: SQL, GitHub, GraphQL.","Looking for a Frontend Developer with expertise in Deep Learning, GitHub, CSS, Linux, C++.",0.343823018446093,0,role ml engineer experience 10 year experience ml engineer education phd ai skill sql github graphql,look frontend developer expertise deep learning github css linux c++,0.2,0.6897758658735963
185,"Role: Data Scientist. Experience: 1 years of experience in Data Scientist.. Education: BS in Computer Science. Skills: TensorFlow, REST API, NLP, GitHub, Linux, Jenkins.","Looking for a ML Engineer with expertise in C#, Jenkins, Data Science, Tableau, Redis, Communication Skills, Problem Solving.",0.2890691946370582,0,role data scientist experience 1 year experience data scientist education bs computer science skill tensorflow rest api nlp github linux jenkins,look ml engineer expertise c jenkins data science tableau redis communication skills problem solving,0.14285714285714285,0.8146278160781915
186,"Role: Data Scientist. Experience: 7 years of experience in Data Scientist.. Education: PhD in AI. Skills: Deep Learning, Ansible, Node.js, React.","Looking for a Data Scientist with expertise in Computer Vision, Keras, NoSQL, Express, Docker, TensorFlow.",0.4246127245252687,0,role data scientist experience 7 year experience data scientist education phd ai skill deep learning ansible node.js react,look data scientist expertise computer vision keras nosql express docker tensorflow,0.0,0.7373022146690345
187,"Role: Data Scientist. Experience: 6 years of experience in Data Scientist.. Education: MS in Data Science. Skills: GCP, Hadoop, TypeScript, Angular, C#, Power BI, Machine Learning.","Looking for a ML Engineer with expertise in Computer Vision, Kubernetes, CI/CD, Azure, Deep Learning, Keras, Tableau.",0.0966329017471427,0,role data scientist experience 6 year experience data scientist education ms data science skill gcp hadoop typescript angular c power bi machine learning,look ml engineer expertise computer vision kubernetes ci cd azure deep learning keras tableau,0.0,0.562167646532323
188,"Role: Frontend Developer. Experience: 11 years of experience in Frontend Developer.. Education: BS in Computer Science. Skills: Elasticsearch, GitHub, Selenium, CSS, Cloud Computing, Tableau, GCP.","Looking for a DevOps Engineer with expertise in PyTorch, C#, Angular, Pandas, NLP, Vue, Agile.",0.1796334140354006,0,role frontend developer experience 11 year experience frontend developer education bs computer science skill elasticsearch github selenium css cloud computing tableau gcp,look devops engineer expertise pytorch c angular pandas nlp vue agile,0.0,0.6736076205780959
189,"Role: Software Engineer. Experience: 10 years of experience in Software Engineer.. Education: PhD in AI. Skills: Elasticsearch, DevOps, FastAPI, Docker, Linux, CI/CD, Project Management, MongoDB.","Looking for a ML Engineer with expertise in NumPy, Docker, Agile, SQL, Ansible, Cloud Computing, Azure.",0.3318863109686342,0,role software engineer experience 10 year experience software engineer education phd ai skill elasticsearch devops fastapi docker linux ci cd project management mongodb,look ml engineer expertise numpy docker agile sql ansible cloud computing azure,0.14285714285714285,0.7401944249271789
190,"Role: Frontend Developer. Experience: 8 years of experience in Frontend Developer.. Education: Self-taught Developer. Skills: REST API, Tableau, Java, Excel, Hadoop, Docker.","Looking for a ML Engineer with expertise in Scrum, Python, NumPy, Data Analysis, Redis, Agile.",0.0879408957221302,0,role frontend developer experience 8 year experience frontend developer education self teach developer skill rest api tableau java excel hadoop docker,look ml engineer expertise scrum python numpy data analysis redis agile,0.0,0.7801617259527345
191,"Role: Software Engineer. Experience: 3 years of experience in Software Engineer.. Education: BS in Computer Science. Skills: SQL, Elasticsearch, GitHub, Linux, Jenkins, Project Management, Communication Skills.","Looking for a Frontend Developer with expertise in Redis, Problem Solving, Python, Kubernetes, PostgreSQL, Git.",0.3897725940333454,0,role software engineer experience 3 year experience software engineer education bs computer science skill sql elasticsearch github linux jenkins project management communication skills,look frontend developer expertise redis problem solving python kubernetes postgresql git,0.0,0.7100144512093687
192,"Role: Data Scientist. Experience: 14 years of experience in Data Scientist.. Education: BS in Computer Science. Skills: REST API, Computer Vision, NLP.","Looking for a Frontend Developer with expertise in MySQL, CSS, C++, Excel, Jenkins, AWS, NumPy.",0.118987452431255,0,role data scientist experience 14 year experience data scientist education bs computer science skill rest api computer vision nlp,look frontend developer expertise mysql css c++ excel jenkins aws numpy,0.0,0.5544683123848294
193,"Role: Data Scientist. Experience: 7 years of experience in Data Scientist.. Education: PhD in AI. Skills: GraphQL, Node.js, JavaScript.","Looking for a DevOps Engineer with expertise in JavaScript, DevOps, Azure, Pandas, Data Science.",0.2362430320064256,0,role data scientist experience 7 year experience data scientist education phd ai skill graphql node.js javascript,look devops engineer expertise javascript devops azure pandas data science,0.2,0.5875264036321305
194,"Role: Software Engineer. Experience: 12 years of experience in Software Engineer.. Education: Self-taught Developer. Skills: Scrum, Docker, React, Scikit-Learn, Tableau.","Looking for a Frontend Developer with expertise in PostgreSQL, Pandas, Ansible, Problem Solving.",0.2238539346202862,0,role software engineer experience 12 year experience software engineer education self teach developer skill scrum docker react scikit learn tableau,look frontend developer expertise postgresql pandas ansible problem solving,0.0,0.667888124228146
195,"Role: Data Scientist. Experience: 1 years of experience in Data Scientist.. Education: Self-taught Developer. Skills: NLP, Project Management, FastAPI, Scikit-Learn, React.","Looking for a Data Scientist with expertise in Data Science, REST API, Project Management, Computer Vision, Docker.",0.5258578244847916,0,role data scientist experience 1 year experience data scientist education self teach developer skill nlp project management fastapi scikit learn react,look data scientist expertise data science rest api project management computer vision docker,0.2,0.8300228390383441
196,"Role: Software Engineer. Experience: 2 years of experience in Software Engineer.. Education: MS in Data Science. Skills: CSS, C#, Excel, DevOps, PyTorch.","Looking for a Data Scientist with expertise in REST API, NoSQL, MongoDB, Terraform.",0.2855557141455672,0,role software engineer experience 2 year experience software engineer education ms data science skill css c excel devops pytorch,look data scientist expertise rest api nosql mongodb terraform,0.0,0.5165062163918925
197,"Role: DevOps Engineer. Experience: 10 years of experience in DevOps Engineer.. Education: MS in Data Science. Skills: TensorFlow, PyTorch, Data Science.","Looking for a DevOps Engineer with expertise in Terraform, NLP, HTML, Machine Learning, SQL, MySQL.",0.3018677129366246,0,role devops engineer experience 10 year experience devops engineer education ms data science skill tensorflow pytorch data science,look devops engineer expertise terraform nlp html machine learning sql mysql,0.14285714285714285,0.6620443125545746
198,"Role: Software Engineer. Experience: 2 years of experience in Software Engineer.. Education: MS in Data Science. Skills: Pandas, Agile, NoSQL, Cloud Computing, DevOps.","Looking for a ML Engineer with expertise in HTML, Node.js, Microservices, Terraform, Agile.",0.1873229776005561,0,role software engineer experience 2 year experience software engineer education ms data science skill panda agile nosql cloud computing devops,look ml engineer expertise html node.js microservices terraform agile,0.2,0.7158022416256676
199,"Role: Software Engineer. Experience: 13 years of experience in Software Engineer.. Education: PhD in AI. Skills: C++, Hadoop, Agile, Java, Microservices, MongoDB, REST API, Express.","Looking for a Software Engineer with expertise in GraphQL, Agile, C#, GitHub.",0.4445132356574588,0,role software engineer experience 13 year experience software engineer education phd ai skill c++ hadoop agile java microservices mongodb rest api express,look software engineer expertise graphql agile c github,0.25,0.8067127326561612
200,"Role: Software Engineer. Experience: 11 years of experience in Software Engineer.. Education: PhD in AI. Skills: React, PostgreSQL, Redis, Django, Data Science, Power BI, PyTorch.","Looking for a Data Scientist with expertise in CSS, C#, Scikit-Learn, Elasticsearch.",0.3469903130264066,0,role software engineer experience 11 year experience software engineer education phd ai skill react postgresql redis django data science power bi pytorch,look data scientist expertise css c scikit learn elasticsearch,0.0,0.7020755593635449
201,"Role: Data Scientist. Experience: 11 years of experience in Data Scientist.. Education: BS in Computer Science. Skills: Data Science, Cloud Computing, Ansible, Node.js, Hadoop, TensorFlow, JavaScript, Git.","Looking for a ML Engineer with expertise in REST API, Redis, Kubernetes, Docker, Vue.",0.2008500263732073,0,role data scientist experience 11 year experience data scientist education bs computer science skill data science cloud computing ansible node.js hadoop tensorflow javascript git,look ml engineer expertise rest api redis kubernetes docker vue,0.0,0.5966784455909911
202,"Role: Frontend Developer. Experience: 8 years of experience in Frontend Developer.. Education: Self-taught Developer. Skills: Scikit-Learn, Express, Django, Tableau, FastAPI, Angular.","Looking for a DevOps Engineer with expertise in DevOps, AWS, Selenium, Node.js, GraphQL, Deep Learning, Scikit-Learn.",0.4520708972828968,0,role frontend developer experience 8 year experience frontend developer education self teach developer skill scikit learn express django tableau fastapi angular,look devops engineer expertise devops aws selenium node.js graphql deep learning scikit learn,0.14285714285714285,0.6556620056422976
203,"Role: DevOps Engineer. Experience: 4 years of experience in DevOps Engineer.. Education: PhD in AI. Skills: C++, Excel, Spark, Cloud Computing.","Looking for a Software Engineer with expertise in HTML, Scikit-Learn, Git, Power BI, GraphQL, GitHub.",0.2936015287565573,0,role devops engineer experience 4 year experience devops engineer education phd ai skill c++ excel spark cloud computing,look software engineer expertise html scikit learn git power bi graphql github,0.0,0.7695256723891517
204,"Role: DevOps Engineer. Experience: 4 years of experience in DevOps Engineer.. Education: MS in Data Science. Skills: PostgreSQL, Selenium, Microservices, Ansible.","Looking for a Software Engineer with expertise in NLP, GraphQL, CSS, FastAPI, Data Science.",0.2241343281983588,0,role devops engineer experience 4 year experience devops engineer education ms data science skill postgresql selenium microservices ansible,look software engineer expertise nlp graphql css fastapi data science,0.2,0.738823388813056
205,"Role: ML Engineer. Experience: 11 years of experience in ML Engineer.. Education: PhD in AI. Skills: Ansible, Terraform, C++, TypeScript, MySQL.","Looking for a ML Engineer with expertise in React, PostgreSQL, TensorFlow, JavaScript, Terraform.",0.5156811123842702,0,role ml engineer experience 11 year experience ml engineer education phd ai skill ansible terraform c++ typescript mysql,look ml engineer expertise react postgresql tensorflow javascript terraform,0.2,0.7761080490473392
206,"Role: Software Engineer. Experience: 9 years of experience in Software Engineer.. Education: MS in Data Science. Skills: FastAPI, HTML, Elasticsearch, Java, Jenkins, TensorFlow.","Looking for a ML Engineer with expertise in PyTorch, Git, Machine Learning, Django, GraphQL.",0.0835712747874453,0,role software engineer experience 9 year experience software engineer education ms data science skill fastapi html elasticsearch java jenkins tensorflow,look ml engineer expertise pytorch git machine learning django graphql,0.0,0.749968347028826
207,"Role: Data Scientist. Experience: 15 years of experience in Data Scientist.. Education: Self-taught Developer. Skills: Power BI, REST API, DevOps.","Looking for a ML Engineer with expertise in Communication Skills, GitHub, Docker, React, Node.js.",0.0858732726581626,0,role data scientist experience 15 year experience data scientist education self teach developer skill power bi rest api devops,look ml engineer expertise communication skills github docker react node.js,0.0,0.6904108379564672
208,"Role: ML Engineer. Experience: 9 years of experience in ML Engineer.. Education: PhD in AI. Skills: Docker, DevOps, Node.js.","Looking for a Data Scientist with expertise in Azure, Ansible, Git, Tableau, Data Analysis, GitHub, TypeScript.",0.2871503424683465,0,role ml engineer experience 9 year experience ml engineer education phd ai skill docker devops node.js,look data scientist expertise azure ansible git tableau data analysis github typescript,0.0,0.4833054647209804
209,"Role: Software Engineer. Experience: 7 years of experience in Software Engineer.. Education: MS in Data Science. Skills: Azure, MongoDB, PyTorch, Docker, Deep Learning.","Looking for a Data Scientist with expertise in Keras, Ansible, PostgreSQL, CSS, JavaScript, Jenkins, Project Management.",0.1688662231715139,0,role software engineer experience 7 year experience software engineer education ms data science skill azure mongodb pytorch docker deep learning,look data scientist expertise keras ansible postgresql css javascript jenkins project management,0.0,0.6521729391795451
210,"Role: Frontend Developer. Experience: 12 years of experience in Frontend Developer.. Education: MS in Data Science. Skills: Power BI, JavaScript, Project Management, Deep Learning, C++.","Looking for a ML Engineer with expertise in Express, Git, CSS, NumPy, Jenkins.",0.034521583660875,0,role frontend developer experience 12 year experience frontend developer education ms data science skill power bi javascript project management deep learning c++,look ml engineer expertise express git css numpy jenkins,0.0,0.7198090027391318
211,"Role: Data Scientist. Experience: 3 years of experience in Data Scientist.. Education: PhD in AI. Skills: Terraform, Azure, Communication Skills, Spark, HTML, Ansible.","Looking for a Software Engineer with expertise in MongoDB, Pandas, NLP, Project Management, Communication Skills, AWS, Cloud Computing.",0.2740282455765416,0,role data scientist experience 3 year experience data scientist education phd ai skill terraform azure communication skills spark html ansible,look software engineer expertise mongodb pandas nlp project management communication skills aws cloud computing,0.14285714285714285,0.6882809905490842
212,"Role: Software Engineer. Experience: 8 years of experience in Software Engineer.. Education: Self-taught Developer. Skills: NLP, Kubernetes, HTML, Docker, NoSQL, Project Management, CI/CD, Deep Learning.","Looking for a ML Engineer with expertise in Microservices, FastAPI, Scrum, Git.",0.3478749547103765,0,role software engineer experience 8 year experience software engineer education self teach developer skill nlp kubernetes html docker nosql project management ci cd deep learning,look ml engineer expertise microservices fastapi scrum git,0.0,0.7016521011510055
213,"Role: DevOps Engineer. Experience: 1 years of experience in DevOps Engineer.. Education: BS in Computer Science. Skills: MySQL, Pandas, Vue, MongoDB, Flask, Express.","Looking for a Software Engineer with expertise in Excel, Angular, Power BI, TensorFlow, PyTorch.",0.3684384658728095,0,role devops engineer experience 1 year experience devops engineer education bs computer science skill mysql pandas vue mongodb flask express,look software engineer expertise excel angular power bi tensorflow pytorch,0.0,0.6667660049945863
214,"Role: Software Engineer. Experience: 9 years of experience in Software Engineer.. Education: Self-taught Developer. Skills: MongoDB, Computer Vision, NumPy, SQL.","Looking for a Frontend Developer with expertise in Vue, Git, Data Analysis, Spark.",0.3201790425815043,0,role software engineer experience 9 year experience software engineer education self teach developer skill mongodb computer vision numpy sql,look frontend developer expertise vue git data analysis spark,0.0,0.7734486147962448
215,"Role: DevOps Engineer. Experience: 1 years of experience in DevOps Engineer.. Education: PhD in AI. Skills: REST API, MongoDB, Java, Problem Solving, Excel, Linux.","Looking for a Data Scientist with expertise in TypeScript, Computer Vision, GCP, Angular.",0.3299187584950798,0,role devops engineer experience 1 year experience devops engineer education phd ai skill rest api mongodb java problem solving excel linux,look data scientist expertise typescript computer vision gcp angular,0.0,0.5591831401416616
216,"Role: ML Engineer. Experience: 8 years of experience in ML Engineer.. Education: PhD in AI. Skills: Tableau, Cloud Computing, C++, PostgreSQL.","Looking for a Data Scientist with expertise in Ansible, Communication Skills, Kubernetes, Node.js.",0.1211948167476353,0,role ml engineer experience 8 year experience ml engineer education phd ai skill tableau cloud computing c++ postgresql,look data scientist expertise ansible communication skills kubernetes node.js,0.0,0.6372898308242607
217,"Role: Data Scientist. Experience: 13 years of experience in Data Scientist.. Education: Self-taught Developer. Skills: Git, Elasticsearch, Keras.","Looking for a Frontend Developer with expertise in Git, Microservices, PyTorch, Project Management, NumPy, GitHub.",0.2972686887452936,0,role data scientist experience 13 year experience data scientist education self teach developer skill git elasticsearch keras,look frontend developer expertise git microservices pytorch project management numpy github,0.16666666666666666,0.6454441042534809
218,"Role: Data Scientist. Experience: 10 years of experience in Data Scientist.. Education: PhD in AI. Skills: Data Analysis, C#, Terraform, Keras.","Looking for a Software Engineer with expertise in Excel, Deep Learning, MongoDB, Java, NumPy, Keras, Docker.",0.2958628861967604,0,role data scientist experience 10 year experience data scientist education phd ai skill data analysis c terraform keras,look software engineer expertise excel deep learning mongodb java numpy keras docker,0.14285714285714285,0.5466669162314735
219,"Role: ML Engineer. Experience: 8 years of experience in ML Engineer.. Education: PhD in AI. Skills: Flask, Microservices, Computer Vision, NumPy, CI/CD, Spark, Problem Solving, Angular.","Looking for a ML Engineer with expertise in SQL, Selenium, NumPy, Agile, Kubernetes, NLP, Scrum.",0.4261792551003278,0,role ml engineer experience 8 year experience ml engineer education phd ai skill flask microservices computer vision numpy ci cd spark problem solving angular,look ml engineer expertise sql selenium numpy agile kubernetes nlp scrum,0.14285714285714285,0.7630058427954208
220,"Role: Software Engineer. Experience: 12 years of experience in Software Engineer.. Education: BS in Computer Science. Skills: Excel, Scikit-Learn, NoSQL, Pandas, Azure, GraphQL, Python.","Looking for a Data Scientist with expertise in NoSQL, Spark, Python, Java, CI/CD, Linux.",0.5634358603830869,0,role software engineer experience 12 year experience software engineer education bs computer science skill excel scikit learn nosql pandas azure graphql python,look data scientist expertise nosql spark python java ci cd linux,0.3333333333333333,0.6344345405504829
221,"Role: Software Engineer. Experience: 6 years of experience in Software Engineer.. Education: BS in Computer Science. Skills: PyTorch, GCP, Scikit-Learn, Scrum, Spark, NLP, TypeScript.","Looking for a DevOps Engineer with expertise in Tableau, React, Project Management, Data Science, Terraform, NoSQL, Pandas.",0.1880801925007934,0,role software engineer experience 6 year experience software engineer education bs computer science skill pytorch gcp scikit learn scrum spark nlp typescript,look devops engineer expertise tableau react project management data science terraform nosql pandas,0.0,0.7059716226836663
222,"Role: Software Engineer. Experience: 14 years of experience in Software Engineer.. Education: Self-taught Developer. Skills: Docker, Jenkins, SQL, NumPy, Communication Skills, Computer Vision, Git.","Looking for a ML Engineer with expertise in MongoDB, Docker, C++, Vue.",0.3305683739203731,0,role software engineer experience 14 year experience software engineer education self teach developer skill docker jenkins sql numpy communication skills computer vision git,look ml engineer expertise mongodb docker c++ vue,0.25,0.5581695435467764
223,"Role: DevOps Engineer. Experience: 13 years of experience in DevOps Engineer.. Education: Self-taught Developer. Skills: Keras, React, Excel, Scikit-Learn, CI/CD.","Looking for a DevOps Engineer with expertise in Docker, NumPy, Tableau, Node.js.",0.437577924195152,0,role devops engineer experience 13 year experience devops engineer education self teach developer skill keras react excel scikit learn ci cd,look devops engineer expertise docker numpy tableau node.js,0.2,0.5684003050094419
224,"Role: DevOps Engineer. Experience: 8 years of experience in DevOps Engineer.. Education: PhD in AI. Skills: Data Science, CI/CD, FastAPI, C#, Computer Vision, GraphQL, PostgreSQL.","Looking for a DevOps Engineer with expertise in Microservices, Pandas, Spark, NLP, Project Management, Django.",0.4438566487233614,0,role devops engineer experience 8 year experience devops engineer education phd ai skill data science ci cd fastapi c computer vision graphql postgresql,look devops engineer expertise microservices pandas spark nlp project management django,0.14285714285714285,0.7556681167465068
225,"Role: Software Engineer. Experience: 5 years of experience in Software Engineer.. Education: BS in Computer Science. Skills: Django, Azure, Problem Solving, Kubernetes.","Looking for a DevOps Engineer with expertise in SQL, DevOps, React, Machine Learning, Vue, Jenkins, FastAPI.",0.0126364426889955,0,role software engineer experience 5 year experience software engineer education bs computer science skill django azure problem solving kubernetes,look devops engineer expertise sql devops react machine learning vue jenkins fastapi,0.0,0.6523219133029555
226,"Role: Software Engineer. Experience: 6 years of experience in Software Engineer.. Education: MS in Data Science. Skills: AWS, GitHub, Django, Jenkins.","Looking for a Data Scientist with expertise in Machine Learning, Flask, Kubernetes, MySQL, Problem Solving.",0.284693138009367,0,role software engineer experience 6 year experience software engineer education ms data science skill aw github django jenkins,look data scientist expertise machine learning flask kubernetes mysql problem solving,0.0,0.7626851851017178
227,"Role: ML Engineer. Experience: 14 years of experience in ML Engineer.. Education: Self-taught Developer. Skills: React, Flask, Express, Communication Skills, Redis, Terraform, Project Management.","Looking for a Frontend Developer with expertise in Keras, C#, NumPy, Flask, Vue, Angular, Agile.",0.3413812546313999,0,role ml engineer experience 14 year experience ml engineer education self teach developer skill react flask express communication skills redis terraform project management,look frontend developer expertise keras c numpy flask vue angular agile,0.14285714285714285,0.5131678420226495
228,"Role: ML Engineer. Experience: 11 years of experience in ML Engineer.. Education: Self-taught Developer. Skills: Computer Vision, SQL, Django, Excel, PostgreSQL, Pandas, Jenkins.","Looking for a Frontend Developer with expertise in Pandas, Machine Learning, NoSQL, PostgreSQL, TensorFlow, Keras, Spark.",0.5232902747168205,0,role ml engineer experience 11 year experience ml engineer education self teach developer skill computer vision sql django excel postgresql pandas jenkins,look frontend developer expertise pandas machine learning nosql postgresql tensorflow keras spark,0.2857142857142857,0.8091713130593915
229,"Role: Frontend Developer. Experience: 6 years of experience in Frontend Developer.. Education: PhD in AI. Skills: CSS, Selenium, FastAPI, REST API, Git, Agile, Express, GraphQL.","Looking for a DevOps Engineer with expertise in Hadoop, DevOps, AWS, Spark, Docker, Django.",0.078151495565528,0,role frontend developer experience 6 year experience frontend developer education phd ai skill css selenium fastapi rest api git agile express graphql,look devops engineer expertise hadoop devops aws spark docker django,0.0,0.43205544536664575
230,"Role: DevOps Engineer. Experience: 2 years of experience in DevOps Engineer.. Education: BS in Computer Science. Skills: Data Science, Git, REST API, JavaScript, Django, Excel.","Looking for a Software Engineer with expertise in JavaScript, C++, Python, Project Management.",0.3668414860554864,0,role devops engineer experience 2 year experience devops engineer education bs computer science skill data science git rest api javascript django excel,look software engineer expertise javascript c++ python project management,0.25,0.8150622535772354
231,"Role: Software Engineer. Experience: 10 years of experience in Software Engineer.. Education: PhD in AI. Skills: Communication Skills, Git, Tableau, CI/CD, React, Microservices, Scrum, Kubernetes.","Looking for a ML Engineer with expertise in Keras, SQL, REST API, Excel.",0.2388505237682595,0,role software engineer experience 10 year experience software engineer education phd ai skill communication skills git tableau ci cd react microservices scrum kubernetes,look ml engineer expertise keras sql rest api excel,0.0,0.7238102781875437
232,"Role: Data Scientist. Experience: 6 years of experience in Data Scientist.. Education: MS in Data Science. Skills: SQL, Cloud Computing, JavaScript, Vue, CI/CD, C#.","Looking for a Frontend Developer with expertise in Scikit-Learn, REST API, Keras, GitHub, Data Science, Computer Vision.",0.335579665011719,0,role data scientist experience 6 year experience data scientist education ms data science skill sql cloud computing javascript vue ci cd c,look frontend developer expertise scikit learn rest api keras github data science computer vision,0.16666666666666666,0.8199886810014549
233,"Role: ML Engineer. Experience: 8 years of experience in ML Engineer.. Education: BS in Computer Science. Skills: FastAPI, Vue, Java, CI/CD, REST API, Linux, Elasticsearch, NumPy.","Looking for a Software Engineer with expertise in Git, C#, AWS, GitHub, Node.js, NLP.",0.0844830863346981,0,role ml engineer experience 8 year experience ml engineer education bs computer science skill fastapi vue java ci cd rest api linux elasticsearch numpy,look software engineer expertise git c aws github node.js nlp,0.0,0.7849660938618828
234,"Role: Frontend Developer. Experience: 13 years of experience in Frontend Developer.. Education: PhD in AI. Skills: Scrum, Ansible, Terraform, Communication Skills, Docker, Elasticsearch.","Looking for a DevOps Engineer with expertise in Microservices, NoSQL, Selenium, Power BI, CSS.",0.2765607385651311,0,role frontend developer experience 13 year experience frontend developer education phd ai skill scrum ansible terraform communication skills docker elasticsearch,look devops engineer expertise microservices nosql selenium power bi css,0.0,0.6297401857642173
235,"Role: ML Engineer. Experience: 4 years of experience in ML Engineer.. Education: PhD in AI. Skills: Spark, CSS, Flask, Microservices, Data Science, NoSQL, NumPy, AWS.","Looking for a Data Scientist with expertise in Data Science, Redis, C#, Machine Learning, Problem Solving.",0.2247519899644469,0,role ml engineer experience 4 year experience ml engineer education phd ai skill spark css flask microservices data science nosql numpy aws,look data scientist expertise data science redis c machine learning problem solving,0.2,0.7465749127254205
236,"Role: Software Engineer. Experience: 6 years of experience in Software Engineer.. Education: MS in Data Science. Skills: TypeScript, Agile, Power BI, Computer Vision.","Looking for a Software Engineer with expertise in NoSQL, Project Management, TensorFlow, Jenkins, Spark, Angular, Terraform.",0.3104356235845189,0,role software engineer experience 6 year experience software engineer education ms data science skill typescript agile power bi computer vision,look software engineer expertise nosql project management tensorflow jenkins spark angular terraform,0.0,0.7826009549751942
237,"Role: Data Scientist. Experience: 6 years of experience in Data Scientist.. Education: BS in Computer Science. Skills: NoSQL, CI/CD, GitHub, Data Analysis, HTML, Vue, Redis, Node.js.","Looking for a ML Engineer with expertise in C#, Tableau, Terraform, Angular, Django, React, GitHub.",0.2198868800267437,0,role data scientist experience 6 year experience data scientist education bs computer science skill nosql ci cd github data analysis html vue redis node.js,look ml engineer expertise c tableau terraform angular django react github,0.14285714285714285,0.616903686464312
238,"Role: Data Scientist. Experience: 14 years of experience in Data Scientist.. Education: Self-taught Developer. Skills: Django, Jenkins, Communication Skills, CSS, REST API, CI/CD.","Looking for a Software Engineer with expertise in NLP, Excel, Express, Scrum, GCP, Vue, SQL.",0.0596359719487226,0,role data scientist experience 14 year experience data scientist education self teach developer skill django jenkins communication skills css rest api ci cd,look software engineer expertise nlp excel express scrum gcp vue sql,0.0,0.7220561202233512
239,"Role: Software Engineer. Experience: 12 years of experience in Software Engineer.. Education: Self-taught Developer. Skills: Scikit-Learn, NoSQL, Node.js, Spark.","Looking for a ML Engineer with expertise in Node.js, Keras, Azure, DevOps, AWS.",0.4344376123317634,0,role software engineer experience 12 year experience software engineer education self teach developer skill scikit learn nosql node.js spark,look ml engineer expertise node.js keras azure devops aws,0.2,0.4799367384102997
240,"Role: DevOps Engineer. Experience: 9 years of experience in DevOps Engineer.. Education: BS in Computer Science. Skills: Problem Solving, GraphQL, PostgreSQL, JavaScript.","Looking for a DevOps Engineer with expertise in Scrum, Python, Keras, C++, CSS.",0.4177997366564712,0,role devops engineer experience 9 year experience devops engineer education bs computer science skill problem solving graphql postgresql javascript,look devops engineer expertise scrum python keras c++ css,0.16666666666666666,0.7175856285376148
241,"Role: DevOps Engineer. Experience: 2 years of experience in DevOps Engineer.. Education: BS in Computer Science. Skills: Elasticsearch, Node.js, Selenium, Terraform.","Looking for a Data Scientist with expertise in NumPy, GraphQL, Vue, MongoDB, DevOps, Machine Learning, Python.",0.2254689917512707,0,role devops engineer experience 2 year experience devops engineer education bs computer science skill elasticsearch node.js selenium terraform,look data scientist expertise numpy graphql vue mongodb devops machine learning python,0.14285714285714285,0.6907973321105784
242,"Role: Frontend Developer. Experience: 2 years of experience in Frontend Developer.. Education: BS in Computer Science. Skills: Deep Learning, CSS, Django, Terraform, Java, Express.","Looking for a Software Engineer with expertise in Django, Agile, Angular, MySQL, Microservices.",0.1744193365991005,0,role frontend developer experience 2 year experience frontend developer education bs computer science skill deep learning css django terraform java express,look software engineer expertise django agile angular mysql microservices,0.2,0.8245254905158985
243,"Role: Data Scientist. Experience: 4 years of experience in Data Scientist.. Education: BS in Computer Science. Skills: Scrum, GCP, Excel, AWS, CSS, Cloud Computing, Redis.","Looking for a Data Scientist with expertise in CI/CD, NoSQL, Keras, Data Analysis, C++, Power BI, Scrum.",0.3572124803935824,0,role data scientist experience 4 year experience data scientist education bs computer science skill scrum gcp excel aws css cloud computing redis,look data scientist expertise ci cd nosql keras data analysis c++ power bi scrum,0.14285714285714285,0.7745027923586519
244,"Role: Data Scientist. Experience: 13 years of experience in Data Scientist.. Education: MS in Data Science. Skills: NoSQL, Power BI, Terraform, Communication Skills, CSS, Computer Vision, Scrum.","Looking for a DevOps Engineer with expertise in JavaScript, Python, Linux, Communication Skills, FastAPI, Deep Learning, Hadoop.",0.2406278106288106,0,role data scientist experience 13 year experience data scientist education ms data science skill nosql power bi terraform communication skills css computer vision scrum,look devops engineer expertise javascript python linux communication skills fastapi deep learning hadoop,0.125,0.6671809964017913
245,"Role: Data Scientist. Experience: 7 years of experience in Data Scientist.. Education: PhD in AI. Skills: Cloud Computing, MongoDB, Vue, HTML, Python, Machine Learning, Express.","Looking for a Data Scientist with expertise in Python, Docker, Cloud Computing, Hadoop.",0.5129699378230146,0,role data scientist experience 7 year experience data scientist education phd ai skill cloud computing mongodb vue html python machine learning express,look data scientist expertise python docker cloud computing hadoop,0.5,0.7954735789273248
246,"Role: ML Engineer. Experience: 9 years of experience in ML Engineer.. Education: BS in Computer Science. Skills: Hadoop, Project Management, Machine Learning, PyTorch, NoSQL, CSS, Cloud Computing, Node.js.","Looking for a Software Engineer with expertise in HTML, Communication Skills, Scikit-Learn, TensorFlow, Machine Learning.",0.4168535505302282,0,role ml engineer experience 9 year experience ml engineer education bs computer science skill hadoop project management machine learning pytorch nosql css cloud computing node.js,look software engineer expertise html communication skills scikit learn tensorflow machine learning,0.2,0.8576480608089472
247,"Role: Frontend Developer. Experience: 15 years of experience in Frontend Developer.. Education: PhD in AI. Skills: Excel, NumPy, Deep Learning, PyTorch, Node.js.","Looking for a ML Engineer with expertise in FastAPI, Excel, Data Science, GraphQL, Pandas, Kubernetes.",0.2536099308043664,0,role frontend developer experience 15 year experience frontend developer education phd ai skill excel numpy deep learning pytorch node.js,look ml engineer expertise fastapi excel data science graphql pandas kubernetes,0.16666666666666666,0.7196897642170569
248,"Role: Software Engineer. Experience: 11 years of experience in Software Engineer.. Education: Self-taught Developer. Skills: Machine Learning, JavaScript, Agile, Git, Scikit-Learn, Redis, Docker.","Looking for a Software Engineer with expertise in SQL, NoSQL, Project Management, Data Science, DevOps.",0.2687635860176404,0,role software engineer experience 11 year experience software engineer education self teach developer skill machine learning javascript agile git scikit learn redis docker,look software engineer expertise sql nosql project management data science devops,0.0,0.8034065938050639
249,"Role: Software Engineer. Experience: 12 years of experience in Software Engineer.. Education: PhD in AI. Skills: Selenium, Tableau, Pandas.","Looking for a Frontend Developer with expertise in Deep Learning, AWS, Vue, Power BI, Project Management, Jenkins, FastAPI.",0.3164495838218282,0,role software engineer experience 12 year experience software engineer education phd ai skill selenium tableau pandas,look frontend developer expertise deep learning aws vue power bi project management jenkins fastapi,0.0,0.7874069331879566
250,"Role: ML Engineer. Experience: 13 years of experience in ML Engineer.. Education: BS in Computer Science. Skills: GCP, Git, Node.js, GitHub, React, GraphQL, Computer Vision, Cloud Computing.","Looking for a DevOps Engineer with expertise in NumPy, Tableau, Machine Learning, NoSQL, Jenkins, Redis, Angular.",0.1463910013403464,0,role ml engineer experience 13 year experience ml engineer education bs computer science skill gcp git node.js github react graphql computer vision cloud computing,look devops engineer expertise numpy tableau machine learning nosql jenkins redis angular,0.0,0.5663077767316808
251,"Role: DevOps Engineer. Experience: 6 years of experience in DevOps Engineer.. Education: BS in Computer Science. Skills: Kubernetes, REST API, GraphQL, NLP.","Looking for a ML Engineer with expertise in Jenkins, DevOps, Agile, Spark, MongoDB.",0.338867138825733,0,role devops engineer experience 6 year experience devops engineer education bs computer science skill kubernete rest api graphql nlp,look ml engineer expertise jenkins devops agile spark mongodb,0.2,0.7650512664891324
252,"Role: DevOps Engineer. Experience: 9 years of experience in DevOps Engineer.. Education: PhD in AI. Skills: Excel, Linux, AWS, Elasticsearch, Django, DevOps.","Looking for a Data Scientist with expertise in HTML, Spark, Jenkins, Keras, Redis.",0.2804484572418185,0,role devops engineer experience 9 year experience devops engineer education phd ai skill excel linux aws elasticsearch django devops,look data scientist expertise html spark jenkins keras redis,0.0,0.6088343994583908
253,"Role: ML Engineer. Experience: 4 years of experience in ML Engineer.. Education: PhD in AI. Skills: Git, C++, Terraform, Java, Flask, GitHub, Express.","Looking for a DevOps Engineer with expertise in PostgreSQL, Python, FastAPI, Java, Kubernetes, GitHub, GCP.",0.1462293039698589,0,role ml engineer experience 4 year experience ml engineer education phd ai skill git c++ terraform java flask github express,look devops engineer expertise postgresql python fastapi java kubernetes github gcp,0.25,0.6452983584175638
254,"Role: Frontend Developer. Experience: 1 years of experience in Frontend Developer.. Education: BS in Computer Science. Skills: MongoDB, Power BI, FastAPI.","Looking for a Software Engineer with expertise in FastAPI, Redis, Scikit-Learn, MongoDB, Jenkins, Java.",0.2259165752760092,0,role frontend developer experience 1 year experience frontend developer education bs computer science skill mongodb power bi fastapi,look software engineer expertise fastapi redis scikit learn mongodb jenkins java,0.3333333333333333,0.7449455193493092
255,"Role: Data Scientist. Experience: 14 years of experience in Data Scientist.. Education: PhD in AI. Skills: DevOps, Keras, Terraform, Communication Skills, React, Deep Learning, JavaScript.","Looking for a Data Scientist with expertise in Angular, Terraform, DevOps, Excel, Agile, FastAPI, NumPy.",0.4548465065842612,0,role data scientist experience 14 year experience data scientist education phd ai skill devops keras terraform communication skills react deep learning javascript,look data scientist expertise angular terraform devops excel agile fastapi numpy,0.2857142857142857,0.7147303736579647
256,"Role: Software Engineer. Experience: 8 years of experience in Software Engineer.. Education: Self-taught Developer. Skills: REST API, Computer Vision, C++, Git, SQL.","Looking for a Data Scientist with expertise in Computer Vision, NoSQL, FastAPI, Java, Scrum, GCP, AWS.",0.4565292739697505,0,role software engineer experience 8 year experience software engineer education self teach developer skill rest api computer vision c++ git sql,look data scientist expertise computer vision nosql fastapi java scrum gcp aws,0.14285714285714285,0.7390883807659406
257,"Role: Data Scientist. Experience: 15 years of experience in Data Scientist.. Education: Self-taught Developer. Skills: PyTorch, Express, Docker, Project Management, Cloud Computing.","Looking for a Data Scientist with expertise in Selenium, GitHub, Jenkins, JavaScript.",0.252845903650532,0,role data scientist experience 15 year experience data scientist education self teach developer skill pytorch express docker project management cloud computing,look data scientist expertise selenium github jenkins javascript,0.0,0.6446548003060341
258,"Role: ML Engineer. Experience: 11 years of experience in ML Engineer.. Education: BS in Computer Science. Skills: Power BI, Communication Skills, AWS, Java.","Looking for a Data Scientist with expertise in Data Analysis, Deep Learning, Computer Vision, FastAPI, Excel.",0.1810280538681688,0,role ml engineer experience 11 year experience ml engineer education bs computer science skill power bi communication skills aws java,look data scientist expertise data analysis deep learning computer vision fastapi excel,0.0,0.750652304500864
259,"Role: Frontend Developer. Experience: 4 years of experience in Frontend Developer.. Education: PhD in AI. Skills: Data Analysis, Problem Solving, Tableau.","Looking for a ML Engineer with expertise in JavaScript, Angular, Python, Docker, TypeScript, Project Management.",0.3470481742504959,0,role frontend developer experience 4 year experience frontend developer education phd ai skill data analysis problem solving tableau,look ml engineer expertise javascript angular python docker typescript project management,0.0,0.7512185622108286
260,"Role: Software Engineer. Experience: 14 years of experience in Software Engineer.. Education: PhD in AI. Skills: NumPy, Keras, Pandas, TensorFlow, Node.js, Computer Vision, Cloud Computing.","Looking for a Frontend Developer with expertise in Vue, Selenium, CSS, Flask, Python.",0.2692349418154572,0,role software engineer experience 14 year experience software engineer education phd ai skill numpy keras pandas tensorflow node.js computer vision cloud computing,look frontend developer expertise vue selenium css flask python,0.0,0.5899157742432133
261,"Role: DevOps Engineer. Experience: 2 years of experience in DevOps Engineer.. Education: BS in Computer Science. Skills: AWS, MySQL, Keras, Azure.","Looking for a DevOps Engineer with expertise in CSS, CI/CD, NumPy, Node.js, Selenium, Terraform.",0.4884022077952735,0,role devops engineer experience 2 year experience devops engineer education bs computer science skill aws mysql keras azure,look devops engineer expertise css ci cd numpy node.js selenium terraform,0.14285714285714285,0.6864155814126284
262,"Role: ML Engineer. Experience: 9 years of experience in ML Engineer.. Education: BS in Computer Science. Skills: Express, Redis, Data Analysis.","Looking for a Frontend Developer with expertise in AWS, Selenium, NLP, HTML.",0.3073397186289632,0,role ml engineer experience 9 year experience ml engineer education bs computer science skill express redis data analysis,look frontend developer expertise aws selenium nlp html,0.0,0.5732983861593163
263,"Role: Data Scientist. Experience: 1 years of experience in Data Scientist.. Education: MS in Data Science. Skills: PostgreSQL, Deep Learning, Power BI, TypeScript, TensorFlow.","Looking for a DevOps Engineer with expertise in Microservices, Data Science, Java, Machine Learning.",0.3111420278756413,0,role data scientist experience 1 year experience data scientist education ms data science skill postgresql deep learning power bi typescript tensorflow,look devops engineer expertise microservices data science java machine learning,0.2,0.7824887375115073
264,"Role: Software Engineer. Experience: 13 years of experience in Software Engineer.. Education: Self-taught Developer. Skills: SQL, PostgreSQL, TypeScript, AWS, Ansible.","Looking for a DevOps Engineer with expertise in Python, Cloud Computing, Problem Solving, Pandas, Git, Angular, Ansible.",0.1918650861981615,0,role software engineer experience 13 year experience software engineer education self teach developer skill sql postgresql typescript aws ansible,look devops engineer expertise python cloud computing problem solving pandas git angular ansible,0.125,0.829014555570892
265,"Role: Software Engineer. Experience: 9 years of experience in Software Engineer.. Education: BS in Computer Science. Skills: GitHub, FastAPI, GraphQL, Keras, C++, Tableau, PostgreSQL.","Looking for a Data Scientist with expertise in PyTorch, Git, C#, TypeScript, Docker, PostgreSQL, Problem Solving.",0.3328087197777102,0,role software engineer experience 9 year experience software engineer education bs computer science skill github fastapi graphql keras c++ tableau postgresql,look data scientist expertise pytorch git c typescript docker postgresql problem solving,0.14285714285714285,0.7300330726836781
266,"Role: DevOps Engineer. Experience: 10 years of experience in DevOps Engineer.. Education: PhD in AI. Skills: C++, NumPy, GitHub, Git.","Looking for a Software Engineer with expertise in CI/CD, REST API, Java, Data Analysis.",0.2884339540854086,0,role devops engineer experience 10 year experience devops engineer education phd ai skill c++ numpy github git,look software engineer expertise ci cd rest api java data analysis,0.0,0.7078067577150362
267,"Role: Data Scientist. Experience: 4 years of experience in Data Scientist.. Education: PhD in AI. Skills: PyTorch, DevOps, Agile, Terraform, Data Analysis, Jenkins, AWS.","Looking for a Frontend Developer with expertise in DevOps, NoSQL, Ansible, MongoDB, Vue, Kubernetes, Computer Vision.",0.1723599919005121,0,role data scientist experience 4 year experience data scientist education phd ai skill pytorch devops agile terraform data analysis jenkins aws,look frontend developer expertise devops nosql ansible mongodb vue kubernetes computer vision,0.14285714285714285,0.5361893698715973
268,"Role: Data Scientist. Experience: 9 years of experience in Data Scientist.. Education: BS in Computer Science. Skills: NLP, Django, PostgreSQL, Scikit-Learn, NumPy, Deep Learning.","Looking for a DevOps Engineer with expertise in Excel, HTML, Redis, Kubernetes, Django.",0.1727671186470738,0,role data scientist experience 9 year experience data scientist education bs computer science skill nlp django postgresql scikit learn numpy deep learning,look devops engineer expertise excel html redis kubernetes django,0.16666666666666666,0.6287942224930728
269,"Role: Software Engineer. Experience: 10 years of experience in Software Engineer.. Education: Self-taught Developer. Skills: Machine Learning, Problem Solving, GitHub, NLP.","Looking for a ML Engineer with expertise in Spark, TypeScript, Communication Skills, Keras, Jenkins, C#.",0.2295096796996634,0,role software engineer experience 10 year experience software engineer education self teach developer skill machine learning problem solving github nlp,look ml engineer expertise spark typescript communication skills keras jenkins c,0.0,0.7379666637528137
270,"Role: DevOps Engineer. Experience: 6 years of experience in DevOps Engineer.. Education: Self-taught Developer. Skills: Azure, Communication Skills, TensorFlow, C++, Node.js.","Looking for a Software Engineer with expertise in MySQL, Kubernetes, CI/CD, GCP, CSS.",0.1811958857093698,0,role devops engineer experience 6 year experience devops engineer education self teach developer skill azure communication skills tensorflow c++ node.js,look software engineer expertise mysql kubernetes ci cd gcp css,0.0,0.5562388306013175
271,"Role: ML Engineer. Experience: 10 years of experience in ML Engineer.. Education: BS in Computer Science. Skills: FastAPI, JavaScript, C#.","Looking for a Data Scientist with expertise in Deep Learning, Project Management, SQL, NoSQL, Agile, Communication Skills, Power BI.",0.3683954320448654,0,role ml engineer experience 10 year experience ml engineer education bs computer science skill fastapi javascript c,look data scientist expertise deep learning project management sql nosql agile communication skills power bi,0.0,0.776892205873936
272,"Role: DevOps Engineer. Experience: 7 years of experience in DevOps Engineer.. Education: Self-taught Developer. Skills: Machine Learning, Power BI, Express, Scikit-Learn, Scrum, Data Science, GCP, Deep Learning.","Looking for a Data Scientist with expertise in Data Science, C#, Java, REST API, Tableau, Spark, Redis.",0.2434752744820671,0,role devops engineer experience 7 year experience devops engineer education self teach developer skill machine learning power bi express scikit learn scrum data science gcp deep learning,look data scientist expertise data science c java rest api tableau spark redis,0.14285714285714285,0.6539126118735209
273,"Role: Software Engineer. Experience: 10 years of experience in Software Engineer.. Education: Self-taught Developer. Skills: Scrum, Docker, GCP, Data Science, MySQL.","Looking for a ML Engineer with expertise in Power BI, Problem Solving, Microservices, Docker.",0.2151085322465744,0,role software engineer experience 10 year experience software engineer education self teach developer skill scrum docker gcp data science mysql,look ml engineer expertise power bi problem solving microservices docker,0.25,0.7480266155879504
274,"Role: Software Engineer. Experience: 3 years of experience in Software Engineer.. Education: Self-taught Developer. Skills: GraphQL, Scrum, Communication Skills, Spark, Docker, Linux, Jenkins, Computer Vision.","Looking for a DevOps Engineer with expertise in Express, JavaScript, Data Science, PyTorch.",0.1681297324653563,0,role software engineer experience 3 year experience software engineer education self teach developer skill graphql scrum communication skills spark docker linux jenkins computer vision,look devops engineer expertise express javascript data science pytorch,0.0,0.7365976554292178
275,"Role: Data Scientist. Experience: 13 years of experience in Data Scientist.. Education: MS in Data Science. Skills: Excel, Scikit-Learn, JavaScript.","Looking for a Frontend Developer with expertise in Deep Learning, Terraform, Excel, Java, Azure, GCP.",0.4979347415792562,0,role data scientist experience 13 year experience data scientist education ms data science skill excel scikit learn javascript,look frontend developer expertise deep learning terraform excel java azure gcp,0.16666666666666666,0.5570620191542329
276,"Role: ML Engineer. Experience: 5 years of experience in ML Engineer.. Education: BS in Computer Science. Skills: Excel, Tableau, GraphQL, Pandas, FastAPI.","Looking for a ML Engineer with expertise in Project Management, Scrum, Scikit-Learn, Hadoop.",0.3565339376588214,0,role ml engineer experience 5 year experience ml engineer education bs computer science skill excel tableau graphql pandas fastapi,look ml engineer expertise project management scrum scikit learn hadoop,0.0,0.7500748889449094
277,"Role: ML Engineer. Experience: 9 years of experience in ML Engineer.. Education: MS in Data Science. Skills: Jenkins, CI/CD, Agile, PyTorch, Scrum, Communication Skills, REST API, PostgreSQL.","Looking for a DevOps Engineer with expertise in Ansible, Microservices, Django, Angular, Agile, C#, MongoDB.",0.1645315524365542,0,role ml engineer experience 9 year experience ml engineer education ms data science skill jenkins ci cd agile pytorch scrum communication skills rest api postgresql,look devops engineer expertise ansible microservices django angular agile c mongodb,0.125,0.4868895636714048
278,"Role: DevOps Engineer. Experience: 12 years of experience in DevOps Engineer.. Education: Self-taught Developer. Skills: Tableau, Deep Learning, SQL.","Looking for a ML Engineer with expertise in Power BI, DevOps, Python, Redis, React.",0.3124025483602191,0,role devops engineer experience 12 year experience devops engineer education self teach developer skill tableau deep learning sql,look ml engineer expertise power bi devops python redis react,0.2,0.7495439136821088
279,"Role: Frontend Developer. Experience: 4 years of experience in Frontend Developer.. Education: PhD in AI. Skills: SQL, Azure, FastAPI.","Looking for a ML Engineer with expertise in Flask, Agile, SQL, Node.js.",0.3857513049112337,0,role frontend developer experience 4 year experience frontend developer education phd ai skill sql azure fastapi,look ml engineer expertise flask agile sql node.js,0.25,0.665857003685196
280,"Role: ML Engineer. Experience: 2 years of experience in ML Engineer.. Education: BS in Computer Science. Skills: Selenium, Deep Learning, C#, TypeScript, SQL, FastAPI.","Looking for a DevOps Engineer with expertise in Scrum, FastAPI, REST API, C++, Docker, NoSQL.",0.2168985768446031,0,role ml engineer experience 2 year experience ml engineer education bs computer science skill selenium deep learning c typescript sql fastapi,look devops engineer expertise scrum fastapi rest api c++ docker nosql,0.14285714285714285,0.5369972504126369
281,"Role: Frontend Developer. Experience: 11 years of experience in Frontend Developer.. Education: MS in Data Science. Skills: Azure, REST API, Hadoop, Ansible.","Looking for a ML Engineer with expertise in Terraform, C#, Excel, Elasticsearch, Project Management, Kubernetes, Linux.",0.2801873177507232,0,role frontend developer experience 11 year experience frontend developer education ms data science skill azure rest api hadoop ansible,look ml engineer expertise terraform c excel elasticsearch project management kubernetes linux,0.0,0.7590118859758566
282,"Role: Data Scientist. Experience: 8 years of experience in Data Scientist.. Education: Self-taught Developer. Skills: Angular, Keras, Agile, Scikit-Learn, Java, Cloud Computing.","Looking for a ML Engineer with expertise in Scikit-Learn, CI/CD, Microservices, Python, Vue, React.",0.177378757783127,0,role data scientist experience 8 year experience data scientist education self teach developer skill angular keras agile scikit learn java cloud computing,look ml engineer expertise scikit learn ci cd microservices python vue react,0.16666666666666666,0.6576632319266816
283,"Role: Frontend Developer. Experience: 3 years of experience in Frontend Developer.. Education: Self-taught Developer. Skills: Hadoop, NLP, Data Science, NumPy, Keras, CI/CD, C++.","Looking for a Frontend Developer with expertise in DevOps, Scikit-Learn, NumPy, Machine Learning, Spark, JavaScript, GraphQL.",0.4481023398443256,0,role frontend developer experience 3 year experience frontend developer education self teach developer skill hadoop nlp data science numpy keras ci cd c++,look frontend developer expertise devops scikit learn numpy machine learning spark javascript graphql,0.14285714285714285,0.8150901949635353
284,"Role: DevOps Engineer. Experience: 3 years of experience in DevOps Engineer.. Education: MS in Data Science. Skills: Node.js, GraphQL, HTML, Kubernetes, NumPy, FastAPI, Express.","Looking for a Software Engineer with expertise in TypeScript, HTML, Computer Vision, TensorFlow, Jenkins.",0.1627405863283602,0,role devops engineer experience 3 year experience devops engineer education ms data science skill node.js graphql html kubernetes numpy fastapi express,look software engineer expertise typescript html computer vision tensorflow jenkins,0.2,0.6792673272896137
285,"Role: DevOps Engineer. Experience: 5 years of experience in DevOps Engineer.. Education: PhD in AI. Skills: Git, Python, HTML, Problem Solving, Selenium, MySQL, React.","Looking for a Frontend Developer with expertise in Angular, Keras, Linux, Computer Vision, React, C++.",0.1246690873675713,0,role devops engineer experience 5 year experience devops engineer education phd ai skill git python html problem solving selenium mysql react,look frontend developer expertise angular keras linux computer vision react c++,0.16666666666666666,0.7951642127666215
286,"Role: Software Engineer. Experience: 14 years of experience in Software Engineer.. Education: BS in Computer Science. Skills: Kubernetes, Keras, Angular.","Looking for a Data Scientist with expertise in Deep Learning, Node.js, Linux, React, FastAPI.",0.3616966944473161,0,role software engineer experience 14 year experience software engineer education bs computer science skill kubernetes keras angular,look data scientist expertise deep learning node.js linux react fastapi,0.0,0.7043744961345173
287,"Role: DevOps Engineer. Experience: 2 years of experience in DevOps Engineer.. Education: BS in Computer Science. Skills: Power BI, Kubernetes, Pandas, Linux, NLP.","Looking for a Data Scientist with expertise in Cloud Computing, NumPy, REST API, Power BI, MongoDB, PyTorch.",0.4420526097593128,0,role devops engineer experience 2 year experience devops engineer education bs computer science skill power bi kubernetes pandas linux nlp,look data scientist expertise cloud computing numpy rest api power bi mongodb pytorch,0.16666666666666666,0.7729469752083852
288,"Role: Software Engineer. Experience: 1 years of experience in Software Engineer.. Education: MS in Data Science. Skills: Azure, Data Analysis, GraphQL.","Looking for a Software Engineer with expertise in Tableau, Linux, Computer Vision, Communication Skills, Django, Problem Solving, Power BI.",0.273288273561631,0,role software engineer experience 1 year experience software engineer education ms data science skill azure data analysis graphql,look software engineer expertise tableau linux computer vision communication skills django problem solving power bi,0.0,0.7766763294737871
289,"Role: ML Engineer. Experience: 2 years of experience in ML Engineer.. Education: BS in Computer Science. Skills: Git, React, C#, MongoDB, Project Management, Agile, Problem Solving, Express.","Looking for a DevOps Engineer with expertise in Docker, NoSQL, Angular, Selenium, PyTorch, Azure, Elasticsearch.",0.1868341551651232,0,role ml engineer experience 2 year experience ml engineer education bs computer science skill git react c mongodb project management agile problem solving express,look devops engineer expertise docker nosql angular selenium pytorch azure elasticsearch,0.0,0.4230085232591933
290,"Role: Frontend Developer. Experience: 2 years of experience in Frontend Developer.. Education: PhD in AI. Skills: DevOps, Kubernetes, Spark.","Looking for a Frontend Developer with expertise in Azure, Python, Scikit-Learn, HTML, Machine Learning.",0.2356899386957935,0,role frontend developer experience 2 year experience frontend developer education phd ai skill devops kubernetes spark,look frontend developer expertise azure python scikit learn html machine learning,0.0,0.731334234367311
291,"Role: Data Scientist. Experience: 1 years of experience in Data Scientist.. Education: BS in Computer Science. Skills: NoSQL, Django, Elasticsearch.","Looking for a Frontend Developer with expertise in Ansible, CSS, PostgreSQL, JavaScript, Angular, Express, MySQL.",0.2195304705524431,0,role data scientist experience 1 year experience data scientist education bs computer science skill nosql django elasticsearch,look frontend developer expertise ansible css postgresql javascript angular express mysql,0.0,0.4780804575666472
292,"Role: ML Engineer. Experience: 9 years of experience in ML Engineer.. Education: MS in Data Science. Skills: Problem Solving, CI/CD, Elasticsearch, Flask, Selenium, Machine Learning, Excel, Docker.","Looking for a Software Engineer with expertise in Pandas, TensorFlow, Keras, Angular, C++, Scrum.",0.2071102012921754,0,role ml engineer experience 9 year experience ml engineer education ms data science skill problem solving ci cd elasticsearch flask selenium machine learning excel docker,look software engineer expertise pandas tensorflow keras angular c++ scrum,0.0,0.6996479551588402
293,"Role: DevOps Engineer. Experience: 3 years of experience in DevOps Engineer.. Education: MS in Data Science. Skills: MySQL, Communication Skills, Terraform, Flask, PostgreSQL.","Looking for a Data Scientist with expertise in React, Problem Solving, Ansible, Hadoop, MySQL, Kubernetes, Keras.",0.2781115008137123,0,role devops engineer experience 3 year experience devops engineer education ms data science skill mysql communication skills terraform flask postgresql,look data scientist expertise react problem solving ansible hadoop mysql kubernetes keras,0.14285714285714285,0.6612662556516643
294,"Role: Software Engineer. Experience: 11 years of experience in Software Engineer.. Education: PhD in AI. Skills: NumPy, Elasticsearch, Git, Node.js, Scrum, SQL, C#.","Looking for a Data Scientist with expertise in Node.js, React, Tableau, Data Analysis, Elasticsearch, TensorFlow.",0.3394318808371401,0,role software engineer experience 11 year experience software engineer education phd ai skill numpy elasticsearch git node.js scrum sql c,look data scientist expertise node.js react tableau data analysis elasticsearch tensorflow,0.3333333333333333,0.6647367769017151
295,"Role: DevOps Engineer. Experience: 5 years of experience in DevOps Engineer.. Education: MS in Data Science. Skills: Linux, Deep Learning, Computer Vision, CI/CD, GCP.","Looking for a Frontend Developer with expertise in SQL, React, Deep Learning, Redis, MySQL, Communication Skills, Hadoop.",0.4118688793765194,0,role devops engineer experience 5 year experience devops engineer education ms data science skill linux deep learning computer vision ci cd gcp,look frontend developer expertise sql react deep learning redis mysql communication skills hadoop,0.14285714285714285,0.7977092636051587
296,"Role: ML Engineer. Experience: 3 years of experience in ML Engineer.. Education: PhD in AI. Skills: REST API, GraphQL, NLP, Problem Solving, CSS, Flask, Power BI, Kubernetes.","Looking for a DevOps Engineer with expertise in Problem Solving, Selenium, FastAPI, C++.",0.4157688621712117,0,role ml engineer experience 3 year experience ml engineer education phd ai skill rest api graphql nlp problem solving css flask power bi kubernetes,look devops engineer expertise problem solving selenium fastapi c++,0.2,0.7079439913246102
297,"Role: Frontend Developer. Experience: 8 years of experience in Frontend Developer.. Education: BS in Computer Science. Skills: SQL, Elasticsearch, NLP, NumPy, Jenkins, Project Management, Machine Learning, CI/CD.","Looking for a Software Engineer with expertise in Elasticsearch, Kubernetes, NLP, React, Hadoop.",0.3167650123291539,0,role frontend developer experience 8 year experience frontend developer education bs computer science skill sql elasticsearch nlp numpy jenkins project management machine learning ci cd,look software engineer expertise elasticsearch kubernetes nlp react hadoop,0.4,0.7953735127175494
298,"Role: ML Engineer. Experience: 7 years of experience in ML Engineer.. Education: BS in Computer Science. Skills: React, AWS, CI/CD.","Looking for a Software Engineer with expertise in NoSQL, NumPy, Excel, React, C#, Power BI.",0.2958035475096396,0,role ml engineer experience 7 year experience ml engineer education bs computer science skill react aws ci cd,look software engineer expertise nosql numpy excel react c power bi,0.16666666666666666,0.723314801250582
299,"Role: ML Engineer. Experience: 5 years of experience in ML Engineer.. Education: PhD in AI. Skills: Microservices, MongoDB, Pandas, Python, NumPy.","Looking for a Data Scientist with expertise in Linux, SQL, Selenium, CI/CD.",0.3358580553789885,0,role ml engineer experience 5 year experience ml engineer education phd ai skill microservice mongodb pandas python numpy,look data scientist expertise linux sql selenium ci cd,0.0,0.6176233086412213
300,"Role: ML Engineer. Experience: 6 years of experience in ML Engineer.. Education: PhD in AI. Skills: NumPy, Tableau, Django, Java, Computer Vision.","Looking for a DevOps Engineer with expertise in Microservices, GraphQL, Agile, MongoDB, Selenium, Pandas.",0.2266270619471354,0,role ml engineer experience 6 year experience ml engineer education phd ai skill numpy tableau django java computer vision,look devops engineer expertise microservices graphql agile mongodb selenium pandas,0.0,0.6956668979281581
301,"Role: Frontend Developer. Experience: 15 years of experience in Frontend Developer.. Education: PhD in AI. Skills: Data Analysis, AWS, Selenium, DevOps.","Looking for a DevOps Engineer with expertise in NumPy, Scrum, CI/CD, Scikit-Learn.",0.1818503037348885,0,role frontend developer experience 15 year experience frontend developer education phd ai skill data analysis aws selenium devops,look devops engineer expertise numpy scrum ci cd scikit learn,0.2,0.6529357516335831
302,"Role: DevOps Engineer. Experience: 3 years of experience in DevOps Engineer.. Education: MS in Data Science. Skills: MongoDB, Elasticsearch, Keras, Microservices, Hadoop, Jenkins, Problem Solving, Agile.","Looking for a Software Engineer with expertise in Flask, PyTorch, Cloud Computing, JavaScript, Kubernetes, FastAPI, Azure.",0.3483619488244782,0,role devops engineer experience 3 year experience devops engineer education ms data science skill mongodb elasticsearch keras microservices hadoop jenkins problem solving agile,look software engineer expertise flask pytorch cloud computing javascript kubernetes fastapi azure,0.0,0.6149591369909304
303,"Role: Software Engineer. Experience: 10 years of experience in Software Engineer.. Education: PhD in AI. Skills: Machine Learning, Django, Python, NoSQL, C++, Express, TensorFlow.","Looking for a DevOps Engineer with expertise in Django, Vue, Power BI, Elasticsearch, Machine Learning, Express, Microservices.",0.512897636667938,0,role software engineer experience 10 year experience software engineer education phd ai skill machine learning django python nosql c++ express tensorflow,look devops engineer expertise django vue power bi elasticsearch machine learning express microservices,0.375,0.8048015851790976
304,"Role: Data Scientist. Experience: 1 years of experience in Data Scientist.. Education: Self-taught Developer. Skills: Microservices, Kubernetes, Scrum, Java, Docker.","Looking for a ML Engineer with expertise in Java, Kubernetes, NumPy, Project Management, Communication Skills, Redis, SQL.",0.5008163022030544,0,role data scientist experience 1 year experience data scientist education self teach developer skill microservice kubernetes scrum java docker,look ml engineer expertise java kubernetes numpy project management communication skills redis sql,0.2857142857142857,0.6814782758653509
305,"Role: ML Engineer. Experience: 8 years of experience in ML Engineer.. Education: Self-taught Developer. Skills: PostgreSQL, Express, DevOps, Keras, TypeScript.","Looking for a DevOps Engineer with expertise in CSS, Scikit-Learn, Python, Problem Solving, C++, GraphQL.",0.1355310849473093,0,role ml engineer experience 8 year experience ml engineer education self teach developer skill postgresql express devops keras typescript,look devops engineer expertise css scikit learn python problem solving c++ graphql,0.14285714285714285,0.7260389964679104
306,"Role: ML Engineer. Experience: 13 years of experience in ML Engineer.. Education: Self-taught Developer. Skills: Terraform, Data Analysis, Hadoop, TensorFlow.","Looking for a DevOps Engineer with expertise in Flask, C++, Keras, Agile.",0.2541155403041987,0,role ml engineer experience 13 year experience ml engineer education self teach developer skill terraform data analysis hadoop tensorflow,look devops engineer expertise flask c++ keras agile,0.0,0.5619294441828113
307,"Role: DevOps Engineer. Experience: 12 years of experience in DevOps Engineer.. Education: Self-taught Developer. Skills: Redis, C#, MySQL, Agile.","Looking for a DevOps Engineer with expertise in Scikit-Learn, SQL, Java, GraphQL, TensorFlow, GitHub, Kubernetes.",0.443351720054492,0,role devops engineer experience 12 year experience devops engineer education self teach developer skill redis c mysql agile,look devops engineer expertise scikit learn sql java graphql tensorflow github kubernetes,0.125,0.757307077840385
308,"Role: ML Engineer. Experience: 2 years of experience in ML Engineer.. Education: MS in Data Science. Skills: PostgreSQL, Python, DevOps, Cloud Computing, Data Science, TensorFlow.","Looking for a ML Engineer with expertise in Spark, TensorFlow, Keras, Excel, Deep Learning.",0.3308275560800902,0,role ml engineer experience 2 year experience ml engineer education ms data science skill postgresql python devops cloud computing data science tensorflow,look ml engineer expertise spark tensorflow keras excel deep learning,0.2,0.7498736113155275
309,"Role: Frontend Developer. Experience: 9 years of experience in Frontend Developer.. Education: PhD in AI. Skills: Power BI, Jenkins, REST API, Angular, Data Analysis.","Looking for a ML Engineer with expertise in MongoDB, Linux, GraphQL, Data Science, GitHub.",0.0494567245376765,0,role frontend developer experience 9 year experience frontend developer education phd ai skill power bi jenkins rest api angular data analysis,look ml engineer expertise mongodb linux graphql data science github,0.0,0.6877563222099077
310,"Role: ML Engineer. Experience: 11 years of experience in ML Engineer.. Education: MS in Data Science. Skills: Spark, Ansible, Jenkins, HTML, GraphQL.","Looking for a Frontend Developer with expertise in Data Analysis, Communication Skills, Data Science, Flask, HTML.",0.3229050482870211,0,role ml engineer experience 11 year experience ml engineer education ms data science skill spark ansible jenkins html graphql,look frontend developer expertise data analysis communication skills data science flask html,0.4,0.8188064126231168
311,"Role: Software Engineer. Experience: 2 years of experience in Software Engineer.. Education: Self-taught Developer. Skills: Angular, NumPy, Power BI.","Looking for a Software Engineer with expertise in Communication Skills, Deep Learning, Jenkins, Flask.",0.3105564811606846,0,role software engineer experience 2 year experience software engineer education self teach developer skill angular numpy power bi,look software engineer expertise communication skills deep learning jenkins flask,0.0,0.8426652682710242
312,"Role: DevOps Engineer. Experience: 11 years of experience in DevOps Engineer.. Education: MS in Data Science. Skills: React, Tableau, Data Science, Linux, Scrum, Elasticsearch, Problem Solving.","Looking for a DevOps Engineer with expertise in Flask, Deep Learning, Excel, Tableau.",0.6362487765340853,0,role devops engineer experience 11 year experience devops engineer education ms data science skill react tableau data science linux scrum elasticsearch problem solving,look devops engineer expertise flask deep learning excel tableau,0.4,0.7445278552210095
313,"Role: Data Scientist. Experience: 2 years of experience in Data Scientist.. Education: MS in Data Science. Skills: NLP, Flask, Django, Data Analysis, JavaScript, NoSQL, Data Science, Jenkins.","Looking for a Frontend Developer with expertise in MySQL, GitHub, GCP, Linux, Microservices.",0.3052750789009014,0,role data scientist experience 2 year experience data scientist education ms data science skill nlp flask django data analysis javascript nosql data science jenkins,look frontend developer expertise mysql github gcp linux microservices,0.0,0.48739000324326587
314,"Role: Frontend Developer. Experience: 11 years of experience in Frontend Developer.. Education: BS in Computer Science. Skills: Microservices, Machine Learning, Ansible, Java, C++, Jenkins, Linux.","Looking for a ML Engineer with expertise in React, Tableau, TensorFlow, Data Analysis, Redis, Python.",0.2929222791242992,0,role frontend developer experience 11 year experience frontend developer education bs computer science skill microservices machine learning ansible java c++ jenkins linux,look ml engineer expertise react tableau tensorflow data analysis redis python,0.0,0.7885948204368857
315,"Role: DevOps Engineer. Experience: 15 years of experience in DevOps Engineer.. Education: BS in Computer Science. Skills: REST API, Scrum, Deep Learning, HTML.","Looking for a Software Engineer with expertise in Python, Data Science, Express, Computer Vision, SQL, Communication Skills, Problem Solving.",0.1464765759722089,0,role devops engineer experience 15 year experience devops engineer education bs computer science skill rest api scrum deep learning html,look software engineer expertise python data science express computer vision sql communication skills problem solving,0.0,0.8606715441059726
316,"Role: Data Scientist. Experience: 11 years of experience in Data Scientist.. Education: PhD in AI. Skills: SQL, Spark, NoSQL, C++, Hadoop, Machine Learning.","Looking for a ML Engineer with expertise in NumPy, REST API, Machine Learning, Selenium.",0.1617809730818024,0,role data scientist experience 11 year experience data scientist education phd ai skill sql spark nosql c++ hadoop machine learning,look ml engineer expertise numpy rest api machine learning selenium,0.25,0.7609719449862454
317,"Role: Frontend Developer. Experience: 4 years of experience in Frontend Developer.. Education: PhD in AI. Skills: Power BI, JavaScript, CI/CD, Deep Learning, PyTorch, C++, GCP.","Looking for a Software Engineer with expertise in CI/CD, Deep Learning, Django, Vue, Project Management, Scikit-Learn.",0.3668926865522061,0,role frontend developer experience 4 year experience frontend developer education phd ai skill power bi javascript ci cd deep learning pytorch c++ gcp,look software engineer expertise ci cd deep learning django vue project management scikit learn,0.3333333333333333,0.8166767498599905
318,"Role: DevOps Engineer. Experience: 15 years of experience in DevOps Engineer.. Education: BS in Computer Science. Skills: Data Science, Excel, HTML, Git.","Looking for a Frontend Developer with expertise in Pandas, CSS, C++, Data Analysis, Elasticsearch, Excel, Flask.",0.2282876587260425,0,role devops engineer experience 15 year experience devops engineer education bs computer science skill data science excel html git,look frontend developer expertise pandas css c++ data analysis elasticsearch excel flask,0.14285714285714285,0.7704818691208906
319,"Role: Software Engineer. Experience: 5 years of experience in Software Engineer.. Education: BS in Computer Science. Skills: Vue, DevOps, Git, Express, FastAPI, Jenkins.","Looking for a ML Engineer with expertise in C++, Scikit-Learn, Vue, JavaScript, Power BI, Data Analysis, Linux.",0.2287229910761652,0,role software engineer experience 5 year experience software engineer education bs computer science skill vue devops git express fastapi jenkins,look ml engineer expertise c++ scikit learn vue javascript power bi data analysis linux,0.14285714285714285,0.7969380174642697
320,"Role: Software Engineer. Experience: 2 years of experience in Software Engineer.. Education: Self-taught Developer. Skills: Selenium, Angular, SQL.","Looking for a Software Engineer with expertise in Git, Selenium, Redis, Node.js, TypeScript, Data Analysis.",0.2948879137074452,0,role software engineer experience 2 year experience software engineer education self teach developer skill selenium angular sql,look software engineer expertise git selenium redis node.js typescript data analysis,0.16666666666666666,0.7888581177796635
321,"Role: Data Scientist. Experience: 15 years of experience in Data Scientist.. Education: Self-taught Developer. Skills: REST API, Pandas, Angular, Terraform, Scrum, Jenkins, Cloud Computing.","Looking for a ML Engineer with expertise in Agile, Django, Scikit-Learn, Ansible, Keras, Kubernetes, REST API.",0.2945004811707351,0,role data scientist experience 15 year experience data scientist education self teach developer skill rest api pandas angular terraform scrum jenkins cloud computing,look ml engineer expertise agile django scikit learn ansible keras kubernetes rest api,0.14285714285714285,0.6716207490737499
322,"Role: Software Engineer. Experience: 9 years of experience in Software Engineer.. Education: PhD in AI. Skills: PostgreSQL, Scrum, Git, C++, C#, REST API.","Looking for a Frontend Developer with expertise in Scrum, Keras, MongoDB, GraphQL.",0.1949808462201866,0,role software engineer experience 9 year experience software engineer education phd ai skill postgresql scrum git c++ c rest api,look frontend developer expertise scrum keras mongodb graphql,0.25,0.6281784614109124
323,"Role: Software Engineer. Experience: 2 years of experience in Software Engineer.. Education: Self-taught Developer. Skills: C#, HTML, Kubernetes, Node.js, Machine Learning, NumPy, Python.","Looking for a ML Engineer with expertise in Machine Learning, GCP, Azure, Keras.",0.2793413122935324,0,role software engineer experience 2 year experience software engineer education self teach developer skill c html kubernetes node.js machine learning numpy python,look ml engineer expertise machine learning gcp azure keras,0.25,0.626312002933664
324,"Role: Frontend Developer. Experience: 12 years of experience in Frontend Developer.. Education: MS in Data Science. Skills: Data Analysis, FastAPI, Express, Keras, Git, MongoDB.","Looking for a ML Engineer with expertise in Computer Vision, Data Analysis, Cloud Computing, Terraform, CI/CD.",0.3631752491310385,0,role frontend developer experience 12 year experience frontend developer education ms data science skill data analysis fastapi express keras git mongodb,look ml engineer expertise computer vision data analysis cloud computing terraform ci cd,0.2,0.7825935423251601
325,"Role: ML Engineer. Experience: 9 years of experience in ML Engineer.. Education: Self-taught Developer. Skills: Elasticsearch, FastAPI, Pandas, Computer Vision, Git, CSS, Docker, C++.","Looking for a Data Scientist with expertise in Excel, Flask, CSS, NLP, Cloud Computing, Ansible, GCP.",0.4022955300887596,0,role ml engineer experience 9 year experience ml engineer education self teach developer skill elasticsearch fastapi pandas computer vision git css docker c++,look data scientist expertise excel flask css nlp cloud computing ansible gcp,0.14285714285714285,0.6753866572637937
326,"Role: Software Engineer. Experience: 15 years of experience in Software Engineer.. Education: PhD in AI. Skills: Linux, CSS, HTML, Project Management, Java, Angular.","Looking for a ML Engineer with expertise in Terraform, MongoDB, Jenkins, GCP.",0.1429405624293459,0,role software engineer experience 15 year experience software engineer education phd ai skill linux css html project management java angular,look ml engineer expertise terraform mongodb jenkins gcp,0.0,0.5129052910850554
327,"Role: DevOps Engineer. Experience: 3 years of experience in DevOps Engineer.. Education: BS in Computer Science. Skills: Power BI, Git, NoSQL, Scrum, NumPy.","Looking for a ML Engineer with expertise in Azure, SQL, Django, Excel, Git, Computer Vision.",0.2675126749480448,0,role devops engineer experience 3 year experience devops engineer education bs computer science skill power bi git nosql scrum numpy,look ml engineer expertise azure sql django excel git computer vision,0.16666666666666666,0.7141029407718487
328,"Role: Frontend Developer. Experience: 7 years of experience in Frontend Developer.. Education: MS in Data Science. Skills: Computer Vision, Power BI, Cloud Computing, Excel, AWS, NumPy, MongoDB.","Looking for a Data Scientist with expertise in Communication Skills, Elasticsearch, Power BI, Agile, HTML, Microservices.",0.3972731971721886,0,role frontend developer experience 7 year experience frontend developer education ms data science skill computer vision power bi cloud computing excel aws numpy mongodb,look data scientist expertise communication skills elasticsearch power bi agile html microservices,0.16666666666666666,0.7933590388349339
329,"Role: Software Engineer. Experience: 11 years of experience in Software Engineer.. Education: MS in Data Science. Skills: Communication Skills, Java, Project Management, Kubernetes, Scrum.","Looking for a DevOps Engineer with expertise in AWS, FastAPI, Terraform, JavaScript, Vue, Docker, Excel.",0.2299148730132727,0,role software engineer experience 11 year experience software engineer education ms data science skill communication skills java project management kubernetes scrum,look devops engineer expertise aws fastapi terraform javascript vue docker excel,0.0,0.5335639916862174
330,"Role: Software Engineer. Experience: 1 years of experience in Software Engineer.. Education: MS in Data Science. Skills: Keras, JavaScript, Terraform, GitHub, Computer Vision.","Looking for a Software Engineer with expertise in TypeScript, CI/CD, Keras, Microservices.",0.5327303541451696,0,role software engineer experience 1 year experience software engineer education ms data science skill keras javascript terraform github computer vision,look software engineer expertise typescript ci cd keras microservices,0.25,0.7010534231729936
331,"Role: Software Engineer. Experience: 3 years of experience in Software Engineer.. Education: BS in Computer Science. Skills: Tableau, Azure, Vue, Flask, Redis, HTML, React, Django.","Looking for a Data Scientist with expertise in Linux, PyTorch, Vue, Node.js, Azure, DevOps, Hadoop.",0.2790644013958129,0,role software engineer experience 3 year experience software engineer education bs computer science skill tableau azure vue flask redis html react django,look data scientist expertise linux pytorch vue node.js azure devops hadoop,0.2857142857142857,0.5848416709875686
332,"Role: Software Engineer. Experience: 7 years of experience in Software Engineer.. Education: MS in Data Science. Skills: Communication Skills, GraphQL, MongoDB, GitHub, Express, Java, Keras, HTML.","Looking for a Frontend Developer with expertise in Power BI, Project Management, Scrum, AWS, TensorFlow, Node.js.",0.3785159323307389,0,role software engineer experience 7 year experience software engineer education ms data science skill communication skills graphql mongodb github express java keras html,look frontend developer expertise power bi project management scrum aws tensorflow node.js,0.0,0.7214412958705767
333,"Role: Frontend Developer. Experience: 1 years of experience in Frontend Developer.. Education: PhD in AI. Skills: MongoDB, PyTorch, Spark.","Looking for a Frontend Developer with expertise in Terraform, AWS, C++, PyTorch, Project Management, REST API.",0.3859963287039251,0,role frontend developer experience 1 year experience frontend developer education phd ai skill mongodb pytorch spark,look frontend developer expertise terraform aws c++ pytorch project management rest api,0.16666666666666666,0.7919074020999368
334,"Role: ML Engineer. Experience: 3 years of experience in ML Engineer.. Education: Self-taught Developer. Skills: TensorFlow, AWS, Communication Skills, DevOps, NumPy, PyTorch, Microservices.","Looking for a Software Engineer with expertise in C++, Vue, Pandas, TensorFlow.",0.4075766352590889,0,role ml engineer experience 3 year experience ml engineer education self teach developer skill tensorflow aws communication skills devops numpy pytorch microservices,look software engineer expertise c++ vue pandas tensorflow,0.25,0.6364873147058981
335,"Role: ML Engineer. Experience: 4 years of experience in ML Engineer.. Education: PhD in AI. Skills: Express, Elasticsearch, Kubernetes, C++.","Looking for a Software Engineer with expertise in Azure, Django, CSS, Communication Skills, Vue, Data Analysis.",0.2000162217208484,0,role ml engineer experience 4 year experience ml engineer education phd ai skill express elasticsearch kubernetes c++,look software engineer expertise azure django css communication skills vue data analysis,0.0,0.7176021805900988
336,"Role: ML Engineer. Experience: 2 years of experience in ML Engineer.. Education: BS in Computer Science. Skills: AWS, DevOps, Data Science, Excel, C++, Selenium.","Looking for a Frontend Developer with expertise in React, Data Analysis, Node.js, Flask, Project Management, HTML.",0.3319009754381598,0,role ml engineer experience 2 year experience ml engineer education bs computer science skill aws devops data science excel c++ selenium,look frontend developer expertise react data analysis node.js flask project management html,0.0,0.7839044367264527
337,"Role: ML Engineer. Experience: 5 years of experience in ML Engineer.. Education: BS in Computer Science. Skills: Data Science, Agile, GCP, Linux, Hadoop, TypeScript, DevOps, Data Analysis.","Looking for a ML Engineer with expertise in Computer Vision, Selenium, TensorFlow, Redis.",0.2867625096658048,0,role ml engineer experience 5 year experience ml engineer education bs computer science skill data science agile gcp linux hadoop typescript devops data analysis,look ml engineer expertise computer vision selenium tensorflow redis,0.0,0.7691055803608619
338,"Role: Data Scientist. Experience: 13 years of experience in Data Scientist.. Education: PhD in AI. Skills: Linux, Scikit-Learn, Docker, Cloud Computing, Java.","Looking for a Frontend Developer with expertise in Selenium, Angular, GraphQL, Python, Problem Solving.",0.2083372982088258,0,role data scientist experience 13 year experience data scientist education phd ai skill linux scikit learn docker cloud computing java,look frontend developer expertise selenium angular graphql python problem solving,0.0,0.7528896508208384
339,"Role: ML Engineer. Experience: 4 years of experience in ML Engineer.. Education: BS in Computer Science. Skills: Git, REST API, Jenkins, NoSQL, Tableau.","Looking for a DevOps Engineer with expertise in PyTorch, Python, Vue, Java.",0.3130115216591049,0,role ml engineer experience 4 year experience ml engineer education bs computer science skill git rest api jenkins nosql tableau,look devops engineer expertise pytorch python vue java,0.0,0.6946840508226289
340,"Role: Data Scientist. Experience: 8 years of experience in Data Scientist.. Education: MS in Data Science. Skills: Communication Skills, Computer Vision, AWS.","Looking for a Data Scientist with expertise in GCP, MySQL, Microservices, CSS.",0.2955319799402405,0,role data scientist experience 8 year experience data scientist education ms data science skill communication skills computer vision aws,look data scientist expertise gcp mysql microservices css,0.0,0.6184080531860889
341,"Role: Frontend Developer. Experience: 13 years of experience in Frontend Developer.. Education: MS in Data Science. Skills: Hadoop, Node.js, Problem Solving.","Looking for a Data Scientist with expertise in JavaScript, Azure, REST API, Selenium, Flask, Python, CI/CD.",0.2149896470971305,0,role frontend developer experience 13 year experience frontend developer education ms data science skill hadoop node.js problem solving,look data scientist expertise javascript azure rest api selenium flask python ci cd,0.0,0.68443167895624
342,"Role: DevOps Engineer. Experience: 1 years of experience in DevOps Engineer.. Education: Self-taught Developer. Skills: Express, Data Analysis, MongoDB.","Looking for a Frontend Developer with expertise in TensorFlow, Keras, PostgreSQL, Computer Vision, NLP, Kubernetes.",0.0045822714362886,0,role devops engineer experience 1 year experience devops engineer education self teach developer skill express data analysis mongodb,look frontend developer expertise tensorflow keras postgresql computer vision nlp kubernetes,0.0,0.6062823091658582
343,"Role: Software Engineer. Experience: 8 years of experience in Software Engineer.. Education: BS in Computer Science. Skills: Project Management, GCP, MySQL, Linux.","Looking for a Software Engineer with expertise in Machine Learning, GraphQL, Data Analysis, Vue, NumPy.",0.3287611818541325,0,role software engineer experience 8 year experience software engineer education bs computer science skill project management gcp mysql linux,look software engineer expertise machine learning graphql data analysis vue numpy,0.0,0.7902209079231283
344,"Role: Frontend Developer. Experience: 8 years of experience in Frontend Developer.. Education: Self-taught Developer. Skills: Scrum, Flask, Data Science.","Looking for a Frontend Developer with expertise in Jenkins, GitHub, MongoDB, Microservices.",0.3204209930560833,0,role frontend developer experience 8 year experience frontend developer education self teach developer skill scrum flask data science,look frontend developer expertise jenkins github mongodb microservices,0.0,0.6015375807876282
345,"Role: Frontend Developer. Experience: 2 years of experience in Frontend Developer.. Education: PhD in AI. Skills: Python, Java, Cloud Computing, JavaScript, Selenium.","Looking for a Frontend Developer with expertise in Scrum, Redis, Linux, NumPy, Project Management.",0.3928894114016087,0,role frontend developer experience 2 year experience frontend developer education phd ai skill python java cloud computing javascript selenium,look frontend developer expertise scrum redis linux numpy project management,0.0,0.7950754413901707
346,"Role: Software Engineer. Experience: 2 years of experience in Software Engineer.. Education: BS in Computer Science. Skills: NLP, CI/CD, Data Science, Docker, TensorFlow.","Looking for a Software Engineer with expertise in TensorFlow, Redis, DevOps, MongoDB, NumPy, NLP.",0.515041738666403,0,role software engineer experience 2 year experience software engineer education bs computer science skill nlp ci cd data science docker tensorflow,look software engineer expertise tensorflow redis devops mongodb numpy nlp,0.3333333333333333,0.5489719014563273
347,"Role: ML Engineer. Experience: 8 years of experience in ML Engineer.. Education: BS in Computer Science. Skills: Git, Scrum, Hadoop, NumPy, CSS, Flask, Microservices, Excel.","Looking for a Data Scientist with expertise in GitHub, HTML, PyTorch, Java, Kubernetes.",0.1652251480270063,0,role ml engineer experience 8 year experience ml engineer education bs computer science skill git scrum hadoop numpy css flask microservices excel,look data scientist expertise github html pytorch java kubernetes,0.0,0.6707236417832577
348,"Role: Data Scientist. Experience: 6 years of experience in Data Scientist.. Education: PhD in AI. Skills: Spark, Pandas, Scrum.","Looking for a ML Engineer with expertise in Azure, Scikit-Learn, Power BI, Angular, MySQL, NoSQL.",0.0646300249652515,0,role data scientist experience 6 year experience data scientist education phd ai skill spark pandas scrum,look ml engineer expertise azure scikit learn power bi angular mysql nosql,0.0,0.558439428978408
349,"Role: ML Engineer. Experience: 11 years of experience in ML Engineer.. Education: BS in Computer Science. Skills: SQL, DevOps, Cloud Computing, Express, Project Management, Machine Learning, React, C#.","Looking for a ML Engineer with expertise in AWS, Angular, PyTorch, Hadoop.",0.3573429344733041,0,role ml engineer experience 11 year experience ml engineer education bs computer science skill sql devops cloud computing express project management machine learning react c,look ml engineer expertise aws angular pytorch hadoop,0.0,0.7015343619616322
350,"Role: ML Engineer. Experience: 13 years of experience in ML Engineer.. Education: MS in Data Science. Skills: Java, Git, React, C++, MySQL, TypeScript.","Looking for a ML Engineer with expertise in Node.js, Problem Solving, TensorFlow, Kubernetes, Cloud Computing, MongoDB, Excel.",0.3439476806816514,0,role ml engineer experience 13 year experience ml engineer education ms data science skill java git react c++ mysql typescript,look ml engineer expertise node.js problem solving tensorflow kubernetes cloud computing mongodb excel,0.0,0.7791744185791223
351,"Role: DevOps Engineer. Experience: 3 years of experience in DevOps Engineer.. Education: MS in Data Science. Skills: Cloud Computing, Scikit-Learn, Redis, Elasticsearch, SQL.","Looking for a Frontend Developer with expertise in Java, GCP, Tableau, React, MongoDB, Express.",0.2451589250466574,0,role devops engineer experience 3 year experience devops engineer education ms data science skill cloud computing scikit learn redis elasticsearch sql,look frontend developer expertise java gcp tableau react mongodb express,0.0,0.6053525091042643
352,"Role: ML Engineer. Experience: 8 years of experience in ML Engineer.. Education: MS in Data Science. Skills: Vue, NLP, Data Science, Deep Learning.","Looking for a Data Scientist with expertise in Computer Vision, PyTorch, Flask, Machine Learning, Vue, MongoDB, Java.",0.3494832015964122,0,role ml engineer experience 8 year experience ml engineer education ms data science skill vue nlp data science deep learning,look data scientist expertise computer vision pytorch flask machine learning vue mongodb java,0.14285714285714285,0.7126849691243627
353,"Role: Data Scientist. Experience: 1 years of experience in Data Scientist.. Education: Self-taught Developer. Skills: REST API, Tableau, Angular, Scrum, Project Management, Django.","Looking for a Data Scientist with expertise in Hadoop, FastAPI, Jenkins, Deep Learning.",0.3439682680704805,0,role data scientist experience 1 year experience data scientist education self teach developer skill rest api tableau angular scrum project management django,look data scientist expertise hadoop fastapi jenkins deep learning,0.0,0.7526893036244557
354,"Role: Frontend Developer. Experience: 12 years of experience in Frontend Developer.. Education: MS in Data Science. Skills: Elasticsearch, Selenium, Tableau, NumPy, DevOps, Spark.","Looking for a Software Engineer with expertise in Project Management, TypeScript, Ansible, NumPy, NoSQL.",0.3133603253761592,0,role frontend developer experience 12 year experience frontend developer education ms data science skill elasticsearch selenium tableau numpy devops spark,look software engineer expertise project management typescript ansible numpy nosql,0.2,0.7321378006155886
355,"Role: Frontend Developer. Experience: 13 years of experience in Frontend Developer.. Education: BS in Computer Science. Skills: JavaScript, SQL, Pandas.","Looking for a DevOps Engineer with expertise in Keras, Problem Solving, NoSQL, Docker, Microservices, Node.js.",0.2007414418679768,0,role frontend developer experience 13 year experience frontend developer education bs computer science skill javascript sql pandas,look devops engineer expertise keras problem solving nosql docker microservices node.js,0.0,0.573011729123444
356,"Role: DevOps Engineer. Experience: 8 years of experience in DevOps Engineer.. Education: Self-taught Developer. Skills: Java, Deep Learning, MySQL, Machine Learning, NumPy, GraphQL, GitHub.","Looking for a ML Engineer with expertise in DevOps, Power BI, Python, Scikit-Learn, MySQL, SQL.",0.3035233971444721,0,role devops engineer experience 8 year experience devops engineer education self teach developer skill java deep learning mysql machine learning numpy graphql github,look ml engineer expertise devops power bi python scikit learn mysql sql,0.3333333333333333,0.8413503426996761
357,"Role: DevOps Engineer. Experience: 12 years of experience in DevOps Engineer.. Education: Self-taught Developer. Skills: Excel, JavaScript, Tableau, Elasticsearch, Computer Vision.","Looking for a Data Scientist with expertise in Agile, Problem Solving, MongoDB, Deep Learning.",0.1702643039452923,0,role devops engineer experience 12 year experience devops engineer education self teach developer skill excel javascript tableau elasticsearch computer vision,look data scientist expertise agile problem solving mongodb deep learning,0.0,0.7434931713194071
358,"Role: DevOps Engineer. Experience: 5 years of experience in DevOps Engineer.. Education: Self-taught Developer. Skills: GraphQL, FastAPI, Elasticsearch, MongoDB, Angular, Spark, C++.","Looking for a Data Scientist with expertise in Communication Skills, Cloud Computing, Ansible, Redis, Linux.",0.2099241236091272,0,role devops engineer experience 5 year experience devops engineer education self teach developer skill graphql fastapi elasticsearch mongodb angular spark c++,look data scientist expertise communication skills cloud computing ansible redis linux,0.0,0.7378092990435369
359,"Role: Software Engineer. Experience: 15 years of experience in Software Engineer.. Education: PhD in AI. Skills: PostgreSQL, Python, Data Science, MongoDB, GraphQL, CI/CD.","Looking for a Frontend Developer with expertise in Angular, Node.js, Azure, Java, DevOps, NoSQL, Tableau.",0.1938889424916882,0,role software engineer experience 15 year experience software engineer education phd ai skill postgresql python data science mongodb graphql ci cd,look frontend developer expertise angular node.js azure java devops nosql tableau,0.0,0.6366068607595384
360,"Role: Data Scientist. Experience: 1 years of experience in Data Scientist.. Education: Self-taught Developer. Skills: GCP, Django, Hadoop, Scrum, Cloud Computing, Java, Agile, AWS.","Looking for a Frontend Developer with expertise in Data Analysis, Vue, Angular, Pandas, Cloud Computing, Agile.",0.4010312410810824,0,role data scientist experience 1 year experience data scientist education self teach developer skill gcp django hadoop scrum cloud computing java agile aws,look frontend developer expertise data analysis vue angular pandas cloud computing agile,0.3333333333333333,0.8054952191041829
361,"Role: Frontend Developer. Experience: 10 years of experience in Frontend Developer.. Education: Self-taught Developer. Skills: REST API, Flask, Kubernetes, Django, Cloud Computing, CSS, Vue, React.","Looking for a DevOps Engineer with expertise in NoSQL, Vue, Power BI, Terraform.",0.1793471592562517,0,role frontend developer experience 10 year experience frontend developer education self teach developer skill rest api flask kubernetes django cloud computing css vue react,look devops engineer expertise nosql vue power bi terraform,0.2,0.6047615884259789
362,"Role: Frontend Developer. Experience: 13 years of experience in Frontend Developer.. Education: PhD in AI. Skills: Vue, C#, Ansible, GCP, CSS, AWS.","Looking for a Data Scientist with expertise in Cloud Computing, Machine Learning, Power BI, Ansible, Selenium, HTML.",0.1953902088556861,0,role frontend developer experience 13 year experience frontend developer education phd ai skill vue c ansible gcp css aws,look data scientist expertise cloud computing machine learning power bi ansible selenium html,0.16666666666666666,0.6278989999222425
363,"Role: Software Engineer. Experience: 12 years of experience in Software Engineer.. Education: MS in Data Science. Skills: C#, Keras, REST API, Tableau, Redis, NoSQL, C++, Pandas.","Looking for a ML Engineer with expertise in GitHub, Redis, Microservices, Machine Learning.",0.3376994281521956,0,role software engineer experience 12 year experience software engineer education ms data science skill c keras rest api tableau redis nosql c++ pandas,look ml engineer expertise github redis microservices machine learning,0.25,0.7635618789268594
364,"Role: Data Scientist. Experience: 8 years of experience in Data Scientist.. Education: Self-taught Developer. Skills: Tableau, Python, TensorFlow, Agile, Communication Skills.","Looking for a DevOps Engineer with expertise in TensorFlow, Scikit-Learn, Angular, Data Analysis, Terraform.",0.2276344846758575,0,role data scientist experience 8 year experience data scientist education self teach developer skill tableau python tensorflow agile communication skills,look devops engineer expertise tensorflow scikit learn angular data analysis terraform,0.16666666666666666,0.746357543983282
365,"Role: ML Engineer. Experience: 9 years of experience in ML Engineer.. Education: Self-taught Developer. Skills: C#, Problem Solving, Git.","Looking for a Software Engineer with expertise in PyTorch, Scrum, Django, Java, NLP, REST API.",0.2616151937646517,0,role ml engineer experience 9 year experience ml engineer education self teach developer skill c problem solving git,look software engineer expertise pytorch scrum django java nlp rest api,0.0,0.6827317872877551
366,"Role: DevOps Engineer. Experience: 3 years of experience in DevOps Engineer.. Education: MS in Data Science. Skills: Elasticsearch, GraphQL, JavaScript, GCP, Angular.","Looking for a DevOps Engineer with expertise in Tableau, Scikit-Learn, PyTorch, Cloud Computing, PostgreSQL, MongoDB.",0.4120070009834685,0,role devops engineer experience 3 year experience devops engineer education ms data science skill elasticsearch graphql javascript gcp angular,look devops engineer expertise tableau scikit learn pytorch cloud computing postgresql mongodb,0.14285714285714285,0.7204072644899822
367,"Role: Frontend Developer. Experience: 2 years of experience in Frontend Developer.. Education: BS in Computer Science. Skills: AWS, FastAPI, Deep Learning, Python, MongoDB, Ansible.","Looking for a DevOps Engineer with expertise in C++, Azure, Problem Solving, SQL, C#.",0.1905618629029264,0,role frontend developer experience 2 year experience frontend developer education bs computer science skill aws fastapi deep learning python mongodb ansible,look devops engineer expertise c++ azure problem solving sql c,0.0,0.7246928276752886
368,"Role: Data Scientist. Experience: 12 years of experience in Data Scientist.. Education: PhD in AI. Skills: Selenium, GitHub, TypeScript, Vue, CI/CD.","Looking for a Data Scientist with expertise in Excel, Data Analysis, Tableau, Kubernetes, Docker.",0.3131943067896542,0,role data scientist experience 12 year experience data scientist education phd ai skill selenium github typescript vue ci cd,look data scientist expertise excel data analysis tableau kubernetes docker,0.0,0.7650043057188034
369,"Role: Software Engineer. Experience: 14 years of experience in Software Engineer.. Education: PhD in AI. Skills: Data Analysis, Kubernetes, Django, React.","Looking for a Software Engineer with expertise in Deep Learning, Agile, TypeScript, C++, NLP, Node.js, Redis.",0.2493518985408531,0,role software engineer experience 14 year experience software engineer education phd ai skill data analysis kubernetes django react,look software engineer expertise deep learning agile typescript c++ nlp node.js redis,0.0,0.7486947833963075
370,"Role: DevOps Engineer. Experience: 2 years of experience in DevOps Engineer.. Education: PhD in AI. Skills: C++, Elasticsearch, Linux, NLP, MongoDB, Cloud Computing, Scikit-Learn, Ansible.","Looking for a Data Scientist with expertise in Azure, Jenkins, Spark, MySQL, Angular, REST API, Kubernetes.",0.2881982102230936,0,role devops engineer experience 2 year experience devops engineer education phd ai skill c++ elasticsearch linux nlp mongodb cloud computing scikit learn ansible,look data scientist expertise azure jenkins spark mysql angular rest api kubernetes,0.0,0.6563231023527747
371,"Role: Frontend Developer. Experience: 2 years of experience in Frontend Developer.. Education: MS in Data Science. Skills: Microservices, Project Management, HTML, NumPy, Data Analysis, Spark, Python.","Looking for a Data Scientist with expertise in Angular, Kubernetes, Java, Scikit-Learn, GitHub, Git, Scrum.",0.2457498240647924,0,role frontend developer experience 2 year experience frontend developer education ms data science skill microservices project management html numpy data analysis spark python,look data scientist expertise angular kubernetes java scikit learn github git scrum,0.0,0.7424343022856427
372,"Role: ML Engineer. Experience: 9 years of experience in ML Engineer.. Education: MS in Data Science. Skills: Pandas, GCP, Hadoop.","Looking for a ML Engineer with expertise in Excel, Linux, GCP, Ansible, TensorFlow.",0.456357240173549,0,role ml engineer experience 9 year experience ml engineer education ms data science skill panda gcp hadoop,look ml engineer expertise excel linux gcp ansible tensorflow,0.2,0.6780715426797678
373,"Role: Software Engineer. Experience: 11 years of experience in Software Engineer.. Education: BS in Computer Science. Skills: Django, Communication Skills, Microservices, GCP, Problem Solving, Cloud Computing, GitHub.","Looking for a ML Engineer with expertise in GraphQL, Pandas, Redis, Communication Skills, CI/CD, Angular, Computer Vision.",0.2272986781573513,0,role software engineer experience 11 year experience software engineer education bs computer science skill django communication skills microservices gcp problem solving cloud computing github,look ml engineer expertise graphql pandas redis communication skills ci cd angular computer vision,0.14285714285714285,0.8214707148027319
374,"Role: ML Engineer. Experience: 5 years of experience in ML Engineer.. Education: MS in Data Science. Skills: MongoDB, TensorFlow, Redis.","Looking for a Data Scientist with expertise in Cloud Computing, Communication Skills, JavaScript, Agile, Excel, Keras, Flask.",0.1083193784067563,0,role ml engineer experience 5 year experience ml engineer education ms data science skill mongodb tensorflow redis,look data scientist expertise cloud computing communication skills javascript agile excel keras flask,0.0,0.7254116813484612
375,"Role: Frontend Developer. Experience: 8 years of experience in Frontend Developer.. Education: Self-taught Developer. Skills: GraphQL, NumPy, Linux, Data Science, Cloud Computing.","Looking for a Data Scientist with expertise in GitHub, Excel, Agile, Microservices, Deep Learning, JavaScript.",0.2918706174522179,0,role frontend developer experience 8 year experience frontend developer education self teach developer skill graphql numpy linux data science cloud computing,look data scientist expertise github excel agile microservices deep learning javascript,0.0,0.7326313985533679
376,"Role: ML Engineer. Experience: 15 years of experience in ML Engineer.. Education: Self-taught Developer. Skills: Ansible, TensorFlow, Git, GitHub.","Looking for a ML Engineer with expertise in Microservices, Computer Vision, FastAPI, React, CSS.",0.2804677355083371,0,role ml engineer experience 15 year experience ml engineer education self teach developer skill ansible tensorflow git github,look ml engineer expertise microservices computer vision fastapi react css,0.0,0.7756053798280915
377,"Role: DevOps Engineer. Experience: 12 years of experience in DevOps Engineer.. Education: PhD in AI. Skills: JavaScript, Kubernetes, HTML, FastAPI, PostgreSQL, PyTorch.","Looking for a ML Engineer with expertise in CSS, Keras, GraphQL, MongoDB.",0.2550255510398274,0,role devops engineer experience 12 year experience devops engineer education phd ai skill javascript kubernetes html fastapi postgresql pytorch,look ml engineer expertise css keras graphql mongodb,0.0,0.6262902116826657
378,"Role: Frontend Developer. Experience: 4 years of experience in Frontend Developer.. Education: Self-taught Developer. Skills: Tableau, Keras, MongoDB, Computer Vision, TypeScript, GCP, GraphQL, REST API.","Looking for a Frontend Developer with expertise in Cloud Computing, Deep Learning, Scrum, GCP.",0.4756897291749941,0,role frontend developer experience 4 year experience frontend developer education self teach developer skill tableau keras mongodb computer vision typescript gcp graphql rest api,look frontend developer expertise cloud computing deep learning scrum gcp,0.25,0.7901774221309965
379,"Role: Software Engineer. Experience: 9 years of experience in Software Engineer.. Education: Self-taught Developer. Skills: Azure, GCP, PostgreSQL, JavaScript, Pandas.","Looking for a Frontend Developer with expertise in CSS, Redis, Power BI, Project Management.",0.2460949600004273,0,role software engineer experience 9 year experience software engineer education self teach developer skill azure gcp postgresql javascript pandas,look frontend developer expertise css redis power bi project management,0.0,0.7583509018675729
380,"Role: DevOps Engineer. Experience: 11 years of experience in DevOps Engineer.. Education: BS in Computer Science. Skills: Node.js, AWS, Terraform, Problem Solving, Project Management, FastAPI, C#, PyTorch.","Looking for a DevOps Engineer with expertise in GraphQL, C++, Machine Learning, Selenium, Scrum, Keras, AWS.",0.4861838554537672,0,role devops engineer experience 11 year experience devops engineer education bs computer science skill node.js aws terraform problem solving project management fastapi c pytorch,look devops engineer expertise graphql c++ machine learning selenium scrum keras aws,0.25,0.7381042954696602
381,"Role: DevOps Engineer. Experience: 14 years of experience in DevOps Engineer.. Education: BS in Computer Science. Skills: TensorFlow, Microservices, CI/CD, Linux, MySQL, GraphQL, TypeScript, Problem Solving.","Looking for a DevOps Engineer with expertise in Deep Learning, Flask, Django, Communication Skills, Problem Solving.",0.447150811676367,0,role devops engineer experience 14 year experience devops engineer education bs computer science skill tensorflow microservices ci cd linux mysql graphql typescript problem solving,look devops engineer expertise deep learning flask django communication skills problem solving,0.3333333333333333,0.8043516867057441
382,"Role: Frontend Developer. Experience: 5 years of experience in Frontend Developer.. Education: MS in Data Science. Skills: Pandas, GCP, Power BI, Python, Express, DevOps, Project Management.","Looking for a Frontend Developer with expertise in Elasticsearch, Machine Learning, Excel, PostgreSQL, Hadoop, MySQL, Scikit-Learn.",0.3740853412694389,0,role frontend developer experience 5 year experience frontend developer education ms data science skill panda gcp power bi python express devops project management,look frontend developer expertise elasticsearch machine learning excel postgresql hadoop mysql scikit learn,0.0,0.7519410723044844
383,"Role: Frontend Developer. Experience: 4 years of experience in Frontend Developer.. Education: PhD in AI. Skills: Angular, Express, Elasticsearch, Power BI, Azure.","Looking for a Frontend Developer with expertise in Kubernetes, Excel, NLP, Communication Skills, REST API.",0.3237673339133167,0,role frontend developer experience 4 year experience frontend developer education phd ai skill angular express elasticsearch power bi azure,look frontend developer expertise kubernetes excel nlp communication skills rest api,0.0,0.8008352071607759
384,"Role: Data Scientist. Experience: 14 years of experience in Data Scientist.. Education: Self-taught Developer. Skills: NumPy, GraphQL, Terraform, C++.","Looking for a DevOps Engineer with expertise in Data Science, Azure, AWS, Spark, Pandas, Selenium, React.",0.3387404515278383,0,role data scientist experience 14 year experience data scientist education self teach developer skill numpy graphql terraform c++,look devops engineer expertise data science azure aws spark pandas selenium react,0.0,0.6284902613481533
385,"Role: DevOps Engineer. Experience: 11 years of experience in DevOps Engineer.. Education: MS in Data Science. Skills: Flask, Node.js, Project Management, Keras.","Looking for a Data Scientist with expertise in MySQL, C#, Machine Learning, Pandas.",0.2643808576578865,0,role devops engineer experience 11 year experience devops engineer education ms data science skill flask node.js project management keras,look data scientist expertise mysql c machine learning pandas,0.0,0.6895108375246554
386,"Role: DevOps Engineer. Experience: 7 years of experience in DevOps Engineer.. Education: BS in Computer Science. Skills: Django, Problem Solving, DevOps, Terraform, NLP, Scrum, Microservices.","Looking for a DevOps Engineer with expertise in Scrum, DevOps, Node.js, Power BI, Pandas, Terraform.",0.5644533022756246,0,role devops engineer experience 7 year experience devops engineer education bs computer science skill django problem solving devops terraform nlp scrum microservices,look devops engineer expertise scrum devops node.js power bi pandas terraform,0.5,0.8039946428806454
387,"Role: DevOps Engineer. Experience: 4 years of experience in DevOps Engineer.. Education: MS in Data Science. Skills: Deep Learning, C++, Power BI, Keras.","Looking for a Data Scientist with expertise in Spark, SQL, NLP, NumPy, Deep Learning.",0.2928936332475338,0,role devops engineer experience 4 year experience devops engineer education ms data science skill deep learning c++ power bi keras,look data scientist expertise spark sql nlp numpy deep learning,0.2,0.7385877922262015
388,"Role: Software Engineer. Experience: 12 years of experience in Software Engineer.. Education: BS in Computer Science. Skills: Deep Learning, Data Science, Communication Skills, GraphQL.","Looking for a Software Engineer with expertise in JavaScript, AWS, Django, GraphQL, Communication Skills, NLP.",0.4283280738120449,0,role software engineer experience 12 year experience software engineer education bs computer science skill deep learning data science communication skills graphql,look software engineer expertise javascript aws django graphql communication skills nlp,0.3333333333333333,0.7717470107992733
389,"Role: Frontend Developer. Experience: 4 years of experience in Frontend Developer.. Education: MS in Data Science. Skills: Flask, DevOps, Pandas, MongoDB.","Looking for a Data Scientist with expertise in Keras, Excel, PyTorch, Redis, Deep Learning, Jenkins.",0.0231833699052297,0,role frontend developer experience 4 year experience frontend developer education ms data science skill flask devops pandas mongodb,look data scientist expertise keras excel pytorch redis deep learning jenkins,0.0,0.6460902524457381
390,"Role: Software Engineer. Experience: 8 years of experience in Software Engineer.. Education: BS in Computer Science. Skills: Vue, Deep Learning, Machine Learning.","Looking for a DevOps Engineer with expertise in GraphQL, MySQL, Scrum, Selenium.",0.0948884996845504,0,role software engineer experience 8 year experience software engineer education bs computer science skill vue deep learning machine learning,look devops engineer expertise graphql mysql scrum selenium,0.0,0.579989525801532
391,"Role: ML Engineer. Experience: 6 years of experience in ML Engineer.. Education: PhD in AI. Skills: PostgreSQL, Node.js, Agile, Keras, Selenium, Java, Spark.","Looking for a Frontend Developer with expertise in Docker, Terraform, Excel, PostgreSQL, CSS, Express, Git.",0.2393977554408962,0,role ml engineer experience 6 year experience ml engineer education phd ai skill postgresql node.js agile keras selenium java spark,look frontend developer expertise docker terraform excel postgresql css express git,0.14285714285714285,0.6802524263938813
392,"Role: DevOps Engineer. Experience: 2 years of experience in DevOps Engineer.. Education: PhD in AI. Skills: Computer Vision, TensorFlow, CSS, Deep Learning, Cloud Computing, AWS, Machine Learning.","Looking for a Software Engineer with expertise in Scikit-Learn, Linux, Docker, Deep Learning, GraphQL, Data Science.",0.1406753278012736,0,role devops engineer experience 2 year experience devops engineer education phd ai skill computer vision tensorflow css deep learning cloud computing aws machine learning,look software engineer expertise scikit learn linux docker deep learning graphql data science,0.16666666666666666,0.8594167545188486
393,"Role: Software Engineer. Experience: 5 years of experience in Software Engineer.. Education: MS in Data Science. Skills: Hadoop, Python, Ansible, Redis, Java.","Looking for a Frontend Developer with expertise in NumPy, Redis, Kubernetes, Machine Learning, Ansible, Elasticsearch, HTML.",0.2246729012664399,0,role software engineer experience 5 year experience software engineer education ms data science skill hadoop python ansible redis java,look frontend developer expertise numpy redis kubernetes machine learning ansible elasticsearch html,0.2857142857142857,0.7655721124151433
394,"Role: DevOps Engineer. Experience: 1 years of experience in DevOps Engineer.. Education: MS in Data Science. Skills: Terraform, REST API, AWS, Excel, PostgreSQL.","Looking for a Software Engineer with expertise in Terraform, PyTorch, NumPy, Project Management.",0.2424745264467612,0,role devops engineer experience 1 year experience devops engineer education ms data science skill terraform rest api aws excel postgresql,look software engineer expertise terraform pytorch numpy project management,0.25,0.7495228053820424
395,"Role: Data Scientist. Experience: 14 years of experience in Data Scientist.. Education: Self-taught Developer. Skills: MySQL, CI/CD, Docker, Git.","Looking for a Frontend Developer with expertise in CI/CD, Django, NLP, AWS.",0.213939227142334,0,role data scientist experience 14 year experience data scientist education self teach developer skill mysql ci cd docker git,look frontend developer expertise ci cd django nlp aws,0.25,0.6803538319341459
396,"Role: Data Scientist. Experience: 14 years of experience in Data Scientist.. Education: Self-taught Developer. Skills: Python, NoSQL, JavaScript, CSS.","Looking for a Data Scientist with expertise in React, NumPy, Vue, Azure, GCP, Ansible, Tableau.",0.3868040685481489,0,role data scientist experience 14 year experience data scientist education self teach developer skill python nosql javascript css,look data scientist expertise react numpy vue azure gcp ansible tableau,0.0,0.40112848030435605
397,"Role: ML Engineer. Experience: 1 years of experience in ML Engineer.. Education: MS in Data Science. Skills: Azure, Jenkins, Redis, Problem Solving.","Looking for a ML Engineer with expertise in GraphQL, Java, Hadoop, Machine Learning.",0.3761498667092363,0,role ml engineer experience 1 year experience ml engineer education ms data science skill azure jenkins redis problem solving,look ml engineer expertise graphql java hadoop machine learning,0.0,0.7153890918405645
398,"Role: Software Engineer. Experience: 3 years of experience in Software Engineer.. Education: BS in Computer Science. Skills: Redis, Project Management, Elasticsearch, React, Data Analysis.","Looking for a Frontend Developer with expertise in Computer Vision, Data Analysis, GCP, MySQL, HTML, JavaScript, Tableau.",0.19176868659931,0,role software engineer experience 3 year experience software engineer education bs computer science skill redis project management elasticsearch react data analysis,look frontend developer expertise computer vision data analysis gcp mysql html javascript tableau,0.14285714285714285,0.75502566028868
399,"Role: Frontend Developer. Experience: 14 years of experience in Frontend Developer.. Education: BS in Computer Science. Skills: Redis, AWS, PyTorch, MongoDB, Express.","Looking for a Data Scientist with expertise in Node.js, MongoDB, Docker, FastAPI, DevOps, GraphQL.",0.4623657966569371,0,role frontend developer experience 14 year experience frontend developer education bs computer science skill redis aws pytorch mongodb express,look data scientist expertise node.js mongodb docker fastapi devops graphql,0.16666666666666666,0.5458194925514553
400,"Role: Frontend Developer. Experience: 2 years of experience in Frontend Developer.. Education: BS in Computer Science. Skills: Node.js, Problem Solving, Elasticsearch, Angular, Git, Tableau, GCP, PostgreSQL.","Looking for a Frontend Developer with expertise in Project Management, AWS, Azure, Computer Vision, Machine Learning, Django, GraphQL.",0.3354993060333899,0,role frontend developer experience 2 year experience frontend developer education bs computer science skill node.js problem solving elasticsearch angular git tableau gcp postgresql,look frontend developer expertise project management aws azure computer vision machine learning django graphql,0.0,0.8566653296135068
401,"Role: DevOps Engineer. Experience: 13 years of experience in DevOps Engineer.. Education: PhD in AI. Skills: Jenkins, Machine Learning, GitHub, Scrum, CI/CD, SQL, TensorFlow, REST API.","Looking for a Frontend Developer with expertise in Elasticsearch, Django, DevOps, GraphQL, CI/CD, Spark.",0.4949486068253962,0,role devops engineer experience 13 year experience devops engineer education phd ai skill jenkins machine learning github scrum ci cd sql tensorflow rest api,look frontend developer expertise elasticsearch django devops graphql ci cd spark,0.3333333333333333,0.7805038557228884
402,"Role: DevOps Engineer. Experience: 9 years of experience in DevOps Engineer.. Education: Self-taught Developer. Skills: Express, Communication Skills, Spark, FastAPI, TensorFlow, HTML.","Looking for a DevOps Engineer with expertise in React, Selenium, C#, Microservices, Ansible, CI/CD.",0.3718842623934664,0,role devops engineer experience 9 year experience devops engineer education self teach developer skill express communication skills spark fastapi tensorflow html,look devops engineer expertise react selenium c microservices ansible ci cd,0.14285714285714285,0.6084040549800936
403,"Role: Frontend Developer. Experience: 9 years of experience in Frontend Developer.. Education: MS in Data Science. Skills: C#, Hadoop, Selenium.","Looking for a Data Scientist with expertise in Redis, MySQL, Power BI, Docker, Express, Deep Learning, Selenium.",0.1550461740310406,0,role frontend developer experience 9 year experience frontend developer education ms data science skill c hadoop selenium,look data scientist expertise redis mysql power bi docker express deep learning selenium,0.14285714285714285,0.7229385489137434
404,"Role: Data Scientist. Experience: 3 years of experience in Data Scientist.. Education: Self-taught Developer. Skills: Scrum, NLP, Spark, Cloud Computing.","Looking for a Data Scientist with expertise in Deep Learning, TensorFlow, Python, REST API, Terraform, Git.",0.3403276511309322,0,role data scientist experience 3 year experience data scientist education self teach developer skill scrum nlp spark cloud computing,look data scientist expertise deep learning tensorflow python rest api terraform git,0.0,0.68384896372393
405,"Role: Data Scientist. Experience: 11 years of experience in Data Scientist.. Education: MS in Data Science. Skills: Git, Django, NLP, Excel, Python, Jenkins, C#.","Looking for a Software Engineer with expertise in NoSQL, Elasticsearch, Deep Learning, Azure.",0.2410815597203656,0,role data scientist experience 11 year experience data scientist education ms data science skill git django nlp excel python jenkins c,look software engineer expertise nosql elasticsearch deep learning azure,0.0,0.5751878965326808
406,"Role: Frontend Developer. Experience: 4 years of experience in Frontend Developer.. Education: BS in Computer Science. Skills: Keras, Elasticsearch, Java, REST API, Node.js.","Looking for a Software Engineer with expertise in Git, Hadoop, Scrum, Data Analysis, Kubernetes, React.",0.2621637760257207,0,role frontend developer experience 4 year experience frontend developer education bs computer science skill keras elasticsearch java rest api node.js,look software engineer expertise git hadoop scrum data analysis kubernetes react,0.0,0.7895259507897827
407,"Role: Frontend Developer. Experience: 14 years of experience in Frontend Developer.. Education: MS in Data Science. Skills: Communication Skills, Jenkins, Redis, Project Management, Scikit-Learn, HTML.","Looking for a Frontend Developer with expertise in Machine Learning, GraphQL, NLP, MongoDB, Azure.",0.235884603103577,0,role frontend developer experience 14 year experience frontend developer education ms data science skill communication skills jenkins redis project management scikit learn html,look frontend developer expertise machine learning graphql nlp mongodb azure,0.0,0.6778546651009562
408,"Role: DevOps Engineer. Experience: 7 years of experience in DevOps Engineer.. Education: PhD in AI. Skills: Data Analysis, NoSQL, MongoDB, Excel, Django, Project Management.","Looking for a DevOps Engineer with expertise in Hadoop, JavaScript, TensorFlow, NumPy.",0.4260789059149938,0,role devops engineer experience 7 year experience devops engineer education phd ai skill data analysis nosql mongodb excel django project management,look devops engineer expertise hadoop javascript tensorflow numpy,0.2,0.553546954129937
409,"Role: ML Engineer. Experience: 1 years of experience in ML Engineer.. Education: Self-taught Developer. Skills: Agile, Ansible, Scikit-Learn, Project Management, Machine Learning, Data Science, Pandas, C++.","Looking for a Data Scientist with expertise in Kubernetes, CSS, MongoDB, TypeScript, Java, Elasticsearch.",0.369293263179606,0,role ml engineer experience 1 year experience ml engineer education self teach developer skill agile ansible scikit learn project management machine learning data science pandas c++,look data scientist expertise kubernetes css mongodb typescript java elasticsearch,0.0,0.4933118652995094
410,"Role: Data Scientist. Experience: 6 years of experience in Data Scientist.. Education: Self-taught Developer. Skills: Pandas, Power BI, REST API, C#, Spark, C++, CI/CD.","Looking for a DevOps Engineer with expertise in Java, Python, Data Analysis, GCP, Hadoop, HTML, Docker.",0.1157707128901559,0,role data scientist experience 6 year experience data scientist education self teach developer skill pandas power bi rest api c spark c++ ci cd,look devops engineer expertise java python data analysis gcp hadoop html docker,0.0,0.6762985168348056
411,"Role: Data Scientist. Experience: 13 years of experience in Data Scientist.. Education: PhD in AI. Skills: MySQL, Vue, FastAPI.","Looking for a ML Engineer with expertise in TypeScript, Redis, Docker, Keras, Data Science, REST API.",0.1539191716791328,0,role data scientist experience 13 year experience data scientist education phd ai skill mysql vue fastapi,look ml engineer expertise typescript redis docker keras data science rest api,0.0,0.6832720551796073
412,"Role: Data Scientist. Experience: 1 years of experience in Data Scientist.. Education: PhD in AI. Skills: Cloud Computing, TensorFlow, NumPy, TypeScript.","Looking for a Frontend Developer with expertise in Microservices, TypeScript, Machine Learning, Tableau, Java.",0.2999963611259683,0,role data scientist experience 1 year experience data scientist education phd ai skill cloud computing tensorflow numpy typescript,look frontend developer expertise microservices typescript machine learning tableau java,0.2,0.6456324207952062
413,"Role: Data Scientist. Experience: 14 years of experience in Data Scientist.. Education: MS in Data Science. Skills: Spark, Agile, Computer Vision, AWS, FastAPI, Terraform.","Looking for a DevOps Engineer with expertise in TensorFlow, Ansible, HTML, AWS, CI/CD.",0.3973085936338877,0,role data scientist experience 14 year experience data scientist education ms data science skill spark agile computer vision aws fastapi terraform,look devops engineer expertise tensorflow ansible html aws ci cd,0.16666666666666666,0.44703198673467254
414,"Role: Data Scientist. Experience: 4 years of experience in Data Scientist.. Education: BS in Computer Science. Skills: Express, Ansible, Excel, C#, FastAPI, GraphQL, Data Analysis, Azure.","Looking for a ML Engineer with expertise in Vue, Project Management, Selenium, SQL, Hadoop, MongoDB.",0.3367402431948628,0,role data scientist experience 4 year experience data scientist education bs computer science skill express ansible excel c fastapi graphql data analysis azure,look ml engineer expertise vue project management selenium sql hadoop mongodb,0.0,0.49941584493378044
415,"Role: Frontend Developer. Experience: 1 years of experience in Frontend Developer.. Education: PhD in AI. Skills: Data Science, Excel, PostgreSQL, React, Problem Solving, CSS, NLP.","Looking for a ML Engineer with expertise in Agile, REST API, Power BI, Scrum, TensorFlow.",0.2253338251409197,0,role frontend developer experience 1 year experience frontend developer education phd ai skill data science excel postgresql react problem solving css nlp,look ml engineer expertise agile rest api power bi scrum tensorflow,0.0,0.7930847481577777
416,"Role: Data Scientist. Experience: 10 years of experience in Data Scientist.. Education: BS in Computer Science. Skills: Elasticsearch, Computer Vision, Redis, JavaScript, Scrum, SQL, C#, Jenkins.","Looking for a DevOps Engineer with expertise in TensorFlow, GraphQL, Ansible, Tableau, Microservices, PyTorch, Redis.",0.3817283662460747,0,role data scientist experience 10 year experience data scientist education bs computer science skill elasticsearch computer vision redis javascript scrum sql c jenkins,look devops engineer expertise tensorflow graphql ansible tableau microservices pytorch redis,0.125,0.4862554046502805
417,"Role: Frontend Developer. Experience: 3 years of experience in Frontend Developer.. Education: Self-taught Developer. Skills: Scikit-Learn, Data Analysis, Jenkins, Ansible, Communication Skills, FastAPI, Cloud Computing, PyTorch.","Looking for a Software Engineer with expertise in Selenium, C++, NumPy, Java, NLP, PyTorch.",0.274154479596078,0,role frontend developer experience 3 year experience frontend developer education self teach developer skill scikit learn data analysis jenkins ansible communication skills fastapi cloud computing pytorch,look software engineer expertise selenium c++ numpy java nlp pytorch,0.16666666666666666,0.6704329746470785
418,"Role: DevOps Engineer. Experience: 3 years of experience in DevOps Engineer.. Education: BS in Computer Science. Skills: TensorFlow, Elasticsearch, MySQL, Azure.","Looking for a ML Engineer with expertise in Keras, Spark, MySQL, Flask, Power BI.",0.5377360213631954,0,role devops engineer experience 3 year experience devops engineer education bs computer science skill tensorflow elasticsearch mysql azure,look ml engineer expertise keras spark mysql flask power bi,0.2,0.6379162412816864
419,"Role: DevOps Engineer. Experience: 9 years of experience in DevOps Engineer.. Education: PhD in AI. Skills: Ansible, Microservices, Data Analysis, HTML.","Looking for a DevOps Engineer with expertise in Flask, MongoDB, Selenium, Vue, Data Analysis, Pandas.",0.5529369681430887,0,role devops engineer experience 9 year experience devops engineer education phd ai skill ansible microservices data analysis html,look devops engineer expertise flask mongodb selenium vue data analysis pandas,0.2857142857142857,0.756217800240702
420,"Role: Data Scientist. Experience: 10 years of experience in Data Scientist.. Education: Self-taught Developer. Skills: Ansible, C++, Linux, Pandas, GraphQL, MongoDB.","Looking for a Frontend Developer with expertise in Spark, Problem Solving, C++, Terraform, Django, Keras, JavaScript.",0.1471643678054637,0,role data scientist experience 10 year experience data scientist education self teach developer skill ansible c++ linux pandas graphql mongodb,look frontend developer expertise spark problem solving c++ terraform django keras javascript,0.14285714285714285,0.6961879442216491
421,"Role: Frontend Developer. Experience: 8 years of experience in Frontend Developer.. Education: Self-taught Developer. Skills: Scikit-Learn, Deep Learning, Computer Vision, PyTorch, Kubernetes, GitHub, CI/CD, C#.","Looking for a Software Engineer with expertise in PyTorch, REST API, Flask, Selenium, Keras, GitHub.",0.4019271105309626,0,role frontend developer experience 8 year experience frontend developer education self teach developer skill scikit learn deep learning computer vision pytorch kubernetes github ci cd c,look software engineer expertise pytorch rest api flask selenium keras github,0.3333333333333333,0.7246723761451735
422,"Role: ML Engineer. Experience: 7 years of experience in ML Engineer.. Education: BS in Computer Science. Skills: HTML, GraphQL, MongoDB, GitHub.","Looking for a DevOps Engineer with expertise in DevOps, Java, AWS, Data Analysis.",0.2982431823348148,0,role ml engineer experience 7 year experience ml engineer education bs computer science skill html graphql mongodb github,look devops engineer expertise devops java aws data analysis,0.0,0.6614318612107359
423,"Role: Software Engineer. Experience: 10 years of experience in Software Engineer.. Education: MS in Data Science. Skills: Cloud Computing, Node.js, Data Science.","Looking for a ML Engineer with expertise in Git, AWS, Express, Spark, CI/CD, FastAPI.",0.1531219550429673,0,role software engineer experience 10 year experience software engineer education ms data science skill cloud computing node.js data science,look ml engineer expertise git aws express spark ci cd fastapi,0.0,0.6430723974167019
424,"Role: Frontend Developer. Experience: 5 years of experience in Frontend Developer.. Education: MS in Data Science. Skills: Elasticsearch, Spark, Machine Learning, Java, DevOps, Linux, Docker, Hadoop.","Looking for a Software Engineer with expertise in Selenium, Data Science, Flask, C++.",0.2509906578615126,0,role frontend developer experience 5 year experience frontend developer education ms data science skill elasticsearch spark machine learning java devops linux docker hadoop,look software engineer expertise selenium data science flask c++,0.25,0.7297160125029117
425,"Role: Data Scientist. Experience: 2 years of experience in Data Scientist.. Education: PhD in AI. Skills: Node.js, Deep Learning, Kubernetes, Express.","Looking for a ML Engineer with expertise in Agile, Django, GitHub, Java, PyTorch, Data Science.",0.2574536488725098,0,role data scientist experience 2 year experience data scientist education phd ai skill node.js deep learning kubernetes express,look ml engineer expertise agile django github java pytorch data science,0.0,0.6589674974545499
426,"Role: Frontend Developer. Experience: 1 years of experience in Frontend Developer.. Education: BS in Computer Science. Skills: TensorFlow, Terraform, Project Management, Java, Computer Vision.","Looking for a Data Scientist with expertise in Computer Vision, Terraform, Machine Learning, Kubernetes, Data Science, CI/CD, HTML.",0.3209130978622212,0,role frontend developer experience 1 year experience frontend developer education bs computer science skill tensorflow terraform project management java computer vision,look data scientist expertise computer vision terraform machine learning kubernetes data science ci cd html,0.2857142857142857,0.8239562093581466
427,"Role: Data Scientist. Experience: 15 years of experience in Data Scientist.. Education: PhD in AI. Skills: Angular, CSS, Express, Data Science.","Looking for a Software Engineer with expertise in NLP, NoSQL, Machine Learning, Microservices, Data Analysis, GraphQL, PostgreSQL.",0.3528478793064931,0,role data scientist experience 15 year experience data scientist education phd ai skill angular css express data science,look software engineer expertise nlp nosql machine learning microservices data analysis graphql postgresql,0.0,0.7259750674004662
428,"Role: Data Scientist. Experience: 1 years of experience in Data Scientist.. Education: BS in Computer Science. Skills: Vue, Power BI, Machine Learning, Excel.","Looking for a ML Engineer with expertise in Pandas, Express, Django, Azure, Selenium, CSS, Project Management.",0.1110441804326905,0,role data scientist experience 1 year experience data scientist education bs computer science skill vue power bi machine learning excel,look ml engineer expertise pandas express django azure selenium css project management,0.0,0.5914910581483381
429,"Role: Software Engineer. Experience: 13 years of experience in Software Engineer.. Education: MS in Data Science. Skills: Computer Vision, Django, Deep Learning, DevOps, C#, Express.","Looking for a Data Scientist with expertise in C#, Data Analysis, MySQL, PyTorch, Machine Learning, JavaScript.",0.3538361470581931,0,role software engineer experience 13 year experience software engineer education ms data science skill computer vision django deep learning devops c express,look data scientist expertise c data analysis mysql pytorch machine learning javascript,0.16666666666666666,0.785860795314392
430,"Role: ML Engineer. Experience: 4 years of experience in ML Engineer.. Education: BS in Computer Science. Skills: Terraform, Deep Learning, Data Analysis, Computer Vision, GCP, SQL.","Looking for a Frontend Developer with expertise in GraphQL, Selenium, REST API, Vue, CI/CD, Angular.",0.1889375279575554,0,role ml engineer experience 4 year experience ml engineer education bs computer science skill terraform deep learning data analysis computer vision gcp sql,look frontend developer expertise graphql selenium rest api vue ci cd angular,0.0,0.561395662319614
431,"Role: Software Engineer. Experience: 3 years of experience in Software Engineer.. Education: BS in Computer Science. Skills: Hadoop, Microservices, Flask, GCP, Elasticsearch, PyTorch, CSS, Python.","Looking for a DevOps Engineer with expertise in TypeScript, React, TensorFlow, NumPy, Computer Vision, Node.js.",0.1127228509710468,0,role software engineer experience 3 year experience software engineer education bs computer science skill hadoop microservices flask gcp elasticsearch pytorch css python,look devops engineer expertise typescript react tensorflow numpy computer vision node.js,0.0,0.7359879451183563
432,"Role: DevOps Engineer. Experience: 6 years of experience in DevOps Engineer.. Education: BS in Computer Science. Skills: NoSQL, TypeScript, Terraform, Deep Learning.","Looking for a DevOps Engineer with expertise in NoSQL, Cloud Computing, Problem Solving, Java, Communication Skills, Git, Microservices.",0.4688972598835027,0,role devops engineer experience 6 year experience devops engineer education bs computer science skill nosql typescript terraform deep learning,look devops engineer expertise nosql cloud computing problem solving java communication skills git microservices,0.25,0.7921135599530904
433,"Role: Data Scientist. Experience: 4 years of experience in Data Scientist.. Education: MS in Data Science. Skills: MongoDB, DevOps, Docker, SQL.","Looking for a ML Engineer with expertise in Scikit-Learn, Docker, NLP, Java, AWS.",0.2290250154912728,0,role data scientist experience 4 year experience data scientist education ms data science skill mongodb devops docker sql,look ml engineer expertise scikit learn docker nlp java aws,0.2,0.5661891799903123
434,"Role: Software Engineer. Experience: 6 years of experience in Software Engineer.. Education: MS in Data Science. Skills: Ansible, CSS, Django, MongoDB.","Looking for a Frontend Developer with expertise in Scrum, Linux, Deep Learning, Angular, Terraform.",0.2883186698001103,0,role software engineer experience 6 year experience software engineer education ms data science skill ansible css django mongodb,look frontend developer expertise scrum linux deep learning angular terraform,0.0,0.6513138524081555
435,"Role: Data Scientist. Experience: 5 years of experience in Data Scientist.. Education: PhD in AI. Skills: CSS, Deep Learning, Kubernetes, NumPy.","Looking for a Frontend Developer with expertise in Linux, SQL, PyTorch, CI/CD.",0.288829281327898,0,role data scientist experience 5 year experience data scientist education phd ai skill css deep learning kubernetes numpy,look frontend developer expertise linux sql pytorch ci cd,0.0,0.458862977039109
436,"Role: ML Engineer. Experience: 9 years of experience in ML Engineer.. Education: PhD in AI. Skills: Angular, TypeScript, Excel, Deep Learning, JavaScript, Tableau, AWS, CSS.","Looking for a ML Engineer with expertise in GCP, Data Analysis, PyTorch, TypeScript, Communication Skills.",0.4297156564135332,0,role ml engineer experience 9 year experience ml engineer education phd ai skill angular typescript excel deep learning javascript tableau aws css,look ml engineer expertise gcp data analysis pytorch typescript communication skills,0.2,0.7922850670109117
437,"Role: Data Scientist. Experience: 2 years of experience in Data Scientist.. Education: BS in Computer Science. Skills: Redis, Machine Learning, NoSQL.","Looking for a Data Scientist with expertise in Flask, NoSQL, TensorFlow, Vue, GraphQL.",0.431352473183445,0,role data scientist experience 2 year experience data scientist education bs computer science skill redis machine learning nosql,look data scientist expertise flask nosql tensorflow vue graphql,0.2,0.684491880762039
438,"Role: Software Engineer. Experience: 7 years of experience in Software Engineer.. Education: BS in Computer Science. Skills: NoSQL, Problem Solving, Deep Learning, Microservices.","Looking for a Data Scientist with expertise in C++, JavaScript, Hadoop, FastAPI, MySQL, SQL, NLP.",0.2532528650138628,0,role software engineer experience 7 year experience software engineer education bs computer science skill nosql problem solving deep learning microservices,look data scientist expertise c++ javascript hadoop fastapi mysql sql nlp,0.0,0.5590291138790461
439,"Role: DevOps Engineer. Experience: 6 years of experience in DevOps Engineer.. Education: Self-taught Developer. Skills: Keras, HTML, AWS, CI/CD, Power BI, Jenkins, Machine Learning, Tableau.","Looking for a DevOps Engineer with expertise in GraphQL, GCP, CSS, TypeScript, HTML, Angular, TensorFlow.",0.4481647187783631,0,role devops engineer experience 6 year experience devops engineer education self teach developer skill keras html aws ci cd power bi jenkins machine learning tableau,look devops engineer expertise graphql gcp css typescript html angular tensorflow,0.25,0.7234353350743337
440,"Role: Data Scientist. Experience: 4 years of experience in Data Scientist.. Education: BS in Computer Science. Skills: Python, Hadoop, Tableau, Vue.","Looking for a Software Engineer with expertise in Project Management, Microservices, TypeScript, PostgreSQL, Computer Vision.",0.2627468010574873,0,role data scientist experience 4 year experience data scientist education bs computer science skill python hadoop tableau vue,look software engineer expertise project management microservices typescript postgresql computer vision,0.0,0.7112299013989369
441,"Role: Frontend Developer. Experience: 3 years of experience in Frontend Developer.. Education: PhD in AI. Skills: Communication Skills, C#, Agile, MySQL, C++, Microservices, Machine Learning.","Looking for a Frontend Developer with expertise in Django, Problem Solving, MySQL, Cloud Computing, TensorFlow, Angular.",0.4405921480120985,0,role frontend developer experience 3 year experience frontend developer education phd ai skill communication skills c agile mysql c++ microservices machine learning,look frontend developer expertise django problem solving mysql cloud computing tensorflow angular,0.16666666666666666,0.800453456255563
442,"Role: ML Engineer. Experience: 13 years of experience in ML Engineer.. Education: BS in Computer Science. Skills: PyTorch, Azure, MongoDB, GCP, React, HTML, Scikit-Learn, Keras.","Looking for a Data Scientist with expertise in TypeScript, Express, Computer Vision, MySQL, Excel, NLP.",0.1829119368433475,0,role ml engineer experience 13 year experience ml engineer education bs computer science skill pytorch azure mongodb gcp react html scikit learn keras,look data scientist expertise typescript express computer vision mysql excel nlp,0.0,0.6654036492776029
443,"Role: ML Engineer. Experience: 12 years of experience in ML Engineer.. Education: PhD in AI. Skills: Angular, Express, Pandas, Kubernetes.","Looking for a Software Engineer with expertise in FastAPI, Spark, Deep Learning, Jenkins, Linux.",0.2905472603070457,0,role ml engineer experience 12 year experience ml engineer education phd ai skill angular express pandas kubernetes,look software engineer expertise fastapi spark deep learning jenkins linux,0.0,0.7387866754744293
444,"Role: Frontend Developer. Experience: 1 years of experience in Frontend Developer.. Education: PhD in AI. Skills: Azure, Node.js, SQL, Tableau.","Looking for a DevOps Engineer with expertise in DevOps, Elasticsearch, Pandas, NumPy, Microservices, Kubernetes.",0.2163161617897924,0,role frontend developer experience 1 year experience frontend developer education phd ai skill azure node.js sql tableau,look devops engineer expertise devops elasticsearch pandas numpy microservices kubernetes,0.0,0.4375594878128467
445,"Role: ML Engineer. Experience: 2 years of experience in ML Engineer.. Education: PhD in AI. Skills: SQL, C#, Problem Solving, Computer Vision.","Looking for a Software Engineer with expertise in Scikit-Learn, Tableau, Selenium, Django.",0.1036063822660919,0,role ml engineer experience 2 year experience ml engineer education phd ai skill sql c problem solving computer vision,look software engineer expertise scikit learn tableau selenium django,0.0,0.6575639047723763
446,"Role: ML Engineer. Experience: 11 years of experience in ML Engineer.. Education: BS in Computer Science. Skills: Data Analysis, TensorFlow, Kubernetes, CI/CD.","Looking for a Frontend Developer with expertise in Git, Jenkins, Excel, Computer Vision, Kubernetes.",0.179409062908974,0,role ml engineer experience 11 year experience ml engineer education bs computer science skill data analysis tensorflow kubernetes ci cd,look frontend developer expertise git jenkins excel computer vision kubernetes,0.2,0.7045234235999477
447,"Role: Software Engineer. Experience: 6 years of experience in Software Engineer.. Education: PhD in AI. Skills: NLP, Scikit-Learn, CSS, AWS.","Looking for a Frontend Developer with expertise in Communication Skills, Project Management, GCP, SQL, Excel, Scrum, Problem Solving.",0.1637590329617341,0,role software engineer experience 6 year experience software engineer education phd ai skill nlp scikit learn css aws,look frontend developer expertise communication skills project management gcp sql excel scrum problem solving,0.0,0.7950450535434967
448,"Role: Data Scientist. Experience: 7 years of experience in Data Scientist.. Education: BS in Computer Science. Skills: DevOps, Jenkins, Python, Node.js, Java, Flask, Cloud Computing.","Looking for a Frontend Developer with expertise in Flask, Jenkins, Project Management, Computer Vision, Machine Learning, HTML, CSS.",0.2494051063279526,0,role data scientist experience 7 year experience data scientist education bs computer science skill devops jenkins python node.js java flask cloud computing,look frontend developer expertise flask jenkins project management computer vision machine learning html css,0.2857142857142857,0.8234902430724512
449,"Role: Data Scientist. Experience: 10 years of experience in Data Scientist.. Education: MS in Data Science. Skills: Node.js, Microservices, Machine Learning, Python, FastAPI.","Looking for a ML Engineer with expertise in GCP, Git, Excel, Express.",0.1697943692869571,0,role data scientist experience 10 year experience data scientist education ms data science skill node.js microservices machine learning python fastapi,look ml engineer expertise gcp git excel express,0.0,0.6651285384874653
450,"Role: Software Engineer. Experience: 2 years of experience in Software Engineer.. Education: PhD in AI. Skills: DevOps, Deep Learning, Azure, React, AWS, Power BI.","Looking for a DevOps Engineer with expertise in Jenkins, Flask, Ansible, REST API, Hadoop, C#.",0.426379610393269,0,role software engineer experience 2 year experience software engineer education phd ai skill devops deep learning azure react aws power bi,look devops engineer expertise jenkins flask ansible rest api hadoop c,0.14285714285714285,0.5988014213945316
451,"Role: DevOps Engineer. Experience: 14 years of experience in DevOps Engineer.. Education: MS in Data Science. Skills: Azure, Scrum, Express, TypeScript, PyTorch, Excel, Elasticsearch, C++.","Looking for a DevOps Engineer with expertise in Keras, GitHub, PyTorch, NumPy, Cloud Computing, C#.",0.3497004880643748,0,role devops engineer experience 14 year experience devops engineer education ms data science skill azure scrum express typescript pytorch excel elasticsearch c++,look devops engineer expertise keras github pytorch numpy cloud computing c,0.2857142857142857,0.6847235422746272
452,"Role: Software Engineer. Experience: 6 years of experience in Software Engineer.. Education: BS in Computer Science. Skills: SQL, Flask, HTML, C++.","Looking for a Data Scientist with expertise in Power BI, C++, Selenium, Angular, REST API, Deep Learning.",0.1803275465568062,0,role software engineer experience 6 year experience software engineer education bs computer science skill sql flask html c++,look data scientist expertise power bi c++ selenium angular rest api deep learning,0.16666666666666666,0.7771503814648679
453,"Role: DevOps Engineer. Experience: 9 years of experience in DevOps Engineer.. Education: PhD in AI. Skills: Hadoop, CSS, Microservices.","Looking for a ML Engineer with expertise in Kubernetes, Node.js, Ansible, Terraform, Scikit-Learn.",0.1181640983183735,0,role devops engineer experience 9 year experience devops engineer education phd ai skill hadoop css microservices,look ml engineer expertise kubernetes node.js ansible terraform scikit learn,0.0,0.5745941098807514
454,"Role: ML Engineer. Experience: 10 years of experience in ML Engineer.. Education: BS in Computer Science. Skills: Deep Learning, AWS, Scrum, NumPy.","Looking for a Data Scientist with expertise in Power BI, Scrum, Pandas, Deep Learning, Redis, Agile, Computer Vision.",0.5043047326139887,0,role ml engineer experience 10 year experience ml engineer education bs computer science skill deep learning aws scrum numpy,look data scientist expertise power bi scrum pandas deep learning redis agile computer vision,0.2857142857142857,0.807038478103679
455,"Role: Software Engineer. Experience: 7 years of experience in Software Engineer.. Education: PhD in AI. Skills: Elasticsearch, React, AWS, Angular, Python, PostgreSQL.","Looking for a Frontend Developer with expertise in Azure, Deep Learning, Tableau, HTML, Cloud Computing.",0.059088406447857,0,role software engineer experience 7 year experience software engineer education phd ai skill elasticsearch react aws angular python postgresql,look frontend developer expertise azure deep learning tableau html cloud computing,0.0,0.7743713792885113
456,"Role: Software Engineer. Experience: 5 years of experience in Software Engineer.. Education: PhD in AI. Skills: Jenkins, Linux, Keras, Terraform, Git.","Looking for a DevOps Engineer with expertise in Cloud Computing, Terraform, C++, React, Flask.",0.3128125254277937,0,role software engineer experience 5 year experience software engineer education phd ai skill jenkins linux keras terraform git,look devops engineer expertise cloud computing terraform c++ react flask,0.16666666666666666,0.7575302352286161
457,"Role: ML Engineer. Experience: 4 years of experience in ML Engineer.. Education: BS in Computer Science. Skills: NoSQL, Ansible, Communication Skills, Scikit-Learn, Linux, Jenkins, Tableau.","Looking for a ML Engineer with expertise in Git, TensorFlow, NLP, Hadoop, Angular.",0.3719109197524671,0,role ml engineer experience 4 year experience ml engineer education bs computer science skill nosql ansible communication skills scikit learn linux jenkins tableau,look ml engineer expertise git tensorflow nlp hadoop angular,0.0,0.6812230116362221
458,"Role: Data Scientist. Experience: 7 years of experience in Data Scientist.. Education: MS in Data Science. Skills: Project Management, Flask, GCP, TypeScript, React, MySQL.","Looking for a Software Engineer with expertise in Problem Solving, Data Analysis, MongoDB, NoSQL, PostgreSQL.",0.2380598790768206,0,role data scientist experience 7 year experience data scientist education ms data science skill project management flask gcp typescript react mysql,look software engineer expertise problem solving data analysis mongodb nosql postgresql,0.0,0.7174051644839228
459,"Role: Software Engineer. Experience: 8 years of experience in Software Engineer.. Education: Self-taught Developer. Skills: PyTorch, Cloud Computing, MySQL, CSS, Communication Skills, NoSQL.","Looking for a ML Engineer with expertise in NumPy, TensorFlow, MongoDB, AWS, NoSQL, DevOps.",0.3737379360320164,0,role software engineer experience 8 year experience software engineer education self teach developer skill pytorch cloud computing mysql css communication skills nosql,look ml engineer expertise numpy tensorflow mongodb aw nosql devops,0.16666666666666666,0.39832838438753576
460,"Role: Frontend Developer. Experience: 7 years of experience in Frontend Developer.. Education: BS in Computer Science. Skills: Microservices, Tableau, Data Science.","Looking for a Frontend Developer with expertise in HTML, GitHub, Azure, Keras.",0.3061719311906293,0,role frontend developer experience 7 year experience frontend developer education bs computer science skill microservices tableau data science,look frontend developer expertise html github azure keras,0.0,0.5837610415404432
461,"Role: ML Engineer. Experience: 10 years of experience in ML Engineer.. Education: BS in Computer Science. Skills: React, Linux, Keras, REST API, Kubernetes, Computer Vision, Redis, PostgreSQL.","Looking for a Frontend Developer with expertise in Machine Learning, Ansible, GraphQL, Data Science.",0.285316974889877,0,role ml engineer experience 10 year experience ml engineer education bs computer science skill react linux keras rest api kubernetes computer vision redis postgresql,look frontend developer expertise machine learning ansible graphql data science,0.0,0.7903179042853448
462,"Role: Data Scientist. Experience: 12 years of experience in Data Scientist.. Education: Self-taught Developer. Skills: MySQL, MongoDB, Jenkins.","Looking for a Data Scientist with expertise in Elasticsearch, Cloud Computing, Node.js, CSS, Agile.",0.2920889501561045,0,role data scientist experience 12 year experience data scientist education self teach developer skill mysql mongodb jenkins,look data scientist expertise elasticsearch cloud computing node.js css agile,0.0,0.7767261464709274
463,"Role: Software Engineer. Experience: 1 years of experience in Software Engineer.. Education: BS in Computer Science. Skills: Linux, Vue, PostgreSQL.","Looking for a Frontend Developer with expertise in TypeScript, NLP, PyTorch, Express, Linux, Ansible, Node.js.",0.2137686616656517,0,role software engineer experience 1 year experience software engineer education bs computer science skill linux vue postgresql,look frontend developer expertise typescript nlp pytorch express linux ansible node.js,0.14285714285714285,0.7021653770539548
464,"Role: Software Engineer. Experience: 7 years of experience in Software Engineer.. Education: Self-taught Developer. Skills: Communication Skills, C#, Vue, React, Java, TypeScript, DevOps.","Looking for a Frontend Developer with expertise in Python, NumPy, Communication Skills, AWS, CSS, Jenkins, JavaScript.",0.1867815833618164,0,role software engineer experience 7 year experience software engineer education self teach developer skill communication skills c vue react java typescript devops,look frontend developer expertise python numpy communication skills aws css jenkins javascript,0.14285714285714285,0.7160390542178552
465,"Role: Frontend Developer. Experience: 3 years of experience in Frontend Developer.. Education: PhD in AI. Skills: Problem Solving, Computer Vision, Communication Skills, Elasticsearch, Java, Kubernetes, Cloud Computing, Excel.","Looking for a Data Scientist with expertise in NoSQL, Vue, MySQL, Node.js, Flask, Redis, Express.",0.2836302233973261,0,role frontend developer experience 3 year experience frontend developer education phd ai skill problem solving computer vision communication skills elasticsearch java kubernetes cloud computing excel,look data scientist expertise nosql vue mysql node.js flask redis express,0.0,0.6132399383736986
466,"Role: Data Scientist. Experience: 5 years of experience in Data Scientist.. Education: PhD in AI. Skills: Pandas, Machine Learning, Angular, FastAPI, SQL.","Looking for a DevOps Engineer with expertise in Data Science, Flask, Hadoop, Vue, Angular, GitHub, Ansible.",0.1976268239055647,0,role data scientist experience 5 year experience data scientist education phd ai skill panda machine learning angular fastapi sql,look devops engineer expertise data science flask hadoop vue angular github ansible,0.125,0.5932752613492125
467,"Role: Data Scientist. Experience: 10 years of experience in Data Scientist.. Education: PhD in AI. Skills: Python, C#, Flask, REST API, AWS, Computer Vision.","Looking for a Software Engineer with expertise in MongoDB, Java, GCP, TensorFlow, HTML.",0.1028559845500238,0,role data scientist experience 10 year experience data scientist education phd ai skill python c flask rest api aws computer vision,look software engineer expertise mongodb java gcp tensorflow html,0.0,0.6473043016806588
468,"Role: Data Scientist. Experience: 2 years of experience in Data Scientist.. Education: BS in Computer Science. Skills: Terraform, SQL, Azure, TensorFlow, Git.","Looking for a Frontend Developer with expertise in React, Data Analysis, CSS, Excel, Linux, Ansible, Hadoop.",0.0657936573420706,0,role data scientist experience 2 year experience data scientist education bs computer science skill terraform sql azure tensorflow git,look frontend developer expertise react data analysis css excel linux ansible hadoop,0.0,0.7315160950593754
469,"Role: Data Scientist. Experience: 5 years of experience in Data Scientist.. Education: BS in Computer Science. Skills: Git, NumPy, CI/CD.","Looking for a Data Scientist with expertise in GraphQL, NumPy, Project Management, NoSQL, Ansible, TypeScript.",0.352067150281648,0,role data scientist experience 5 year experience data scientist education bs computer science skill git numpy ci cd,look data scientist expertise graphql numpy project management nosql ansible typescript,0.16666666666666666,0.738860940220358
470,"Role: DevOps Engineer. Experience: 3 years of experience in DevOps Engineer.. Education: MS in Data Science. Skills: Elasticsearch, Kubernetes, Ansible, Spark.","Looking for a Data Scientist with expertise in NLP, Jenkins, GraphQL, MySQL, Excel, REST API.",0.1805516165830185,0,role devops engineer experience 3 year experience devops engineer education ms data science skill elasticsearch kubernetes ansible spark,look data scientist expertise nlp jenkins graphql mysql excel rest api,0.0,0.5993202330832584
471,"Role: Data Scientist. Experience: 13 years of experience in Data Scientist.. Education: MS in Data Science. Skills: HTML, Kubernetes, Spark, Jenkins, Excel, Python, Elasticsearch, Flask.","Looking for a Frontend Developer with expertise in Agile, Terraform, Kubernetes, Excel, C++, PyTorch, Scikit-Learn.",0.2180378250902325,0,role data scientist experience 13 year experience data scientist education ms data science skill html kubernetes spark jenkins excel python elasticsearch flask,look frontend developer expertise agile terraform kubernetes excel c++ pytorch scikit learn,0.2857142857142857,0.7058557545431067
472,"Role: DevOps Engineer. Experience: 12 years of experience in DevOps Engineer.. Education: PhD in AI. Skills: Python, Terraform, Linux, CSS, Git.","Looking for a Frontend Developer with expertise in Redis, Scikit-Learn, Data Science, Scrum, PostgreSQL, TensorFlow.",0.1029786626360961,0,role devops engineer experience 12 year experience devops engineer education phd ai skill python terraform linux css git,look frontend developer expertise redis scikit learn data science scrum postgresql tensorflow,0.0,0.7561173963113337
473,"Role: ML Engineer. Experience: 14 years of experience in ML Engineer.. Education: MS in Data Science. Skills: Elasticsearch, FastAPI, Java, GraphQL, TypeScript, Pandas, MySQL, Excel.","Looking for a ML Engineer with expertise in GitHub, Django, CI/CD, Scikit-Learn, Express, Power BI.",0.3579513172478538,0,role ml engineer experience 14 year experience ml engineer education ms data science skill elasticsearch fastapi java graphql typescript pandas mysql excel,look ml engineer expertise github django ci cd scikit learn express power bi,0.0,0.759057570890413
474,"Role: Frontend Developer. Experience: 12 years of experience in Frontend Developer.. Education: Self-taught Developer. Skills: Data Science, Jenkins, REST API, Vue, Pandas.","Looking for a Software Engineer with expertise in Communication Skills, Machine Learning, Django, Deep Learning.",0.2175178495671333,0,role frontend developer experience 12 year experience frontend developer education self teach developer skill data science jenkins rest api vue pandas,look software engineer expertise communication skills machine learning django deep learning,0.0,0.7477400876648133
475,"Role: ML Engineer. Experience: 11 years of experience in ML Engineer.. Education: MS in Data Science. Skills: Redis, NLP, PyTorch, Computer Vision.","Looking for a ML Engineer with expertise in Java, Django, Selenium, Project Management.",0.3284158551776686,0,role ml engineer experience 11 year experience ml engineer education ms data science skill redis nlp pytorch computer vision,look ml engineer expertise java django selenium project management,0.0,0.7086229033737381
476,"Role: Software Engineer. Experience: 12 years of experience in Software Engineer.. Education: MS in Data Science. Skills: Power BI, REST API, CSS, Scrum, Data Analysis, NoSQL, Cloud Computing.","Looking for a Data Scientist with expertise in Python, Node.js, NoSQL, CSS, C++.",0.602841350786707,0,role software engineer experience 12 year experience software engineer education ms data science skill power bi rest api css scrum data analysis nosql cloud computing,look data scientist expertise python node.js nosql css c++,0.4,0.6760279986071527
477,"Role: Frontend Developer. Experience: 15 years of experience in Frontend Developer.. Education: BS in Computer Science. Skills: Redis, Express, Problem Solving, SQL, Linux, Terraform, Ansible.","Looking for a Data Scientist with expertise in Spark, Git, CI/CD, Deep Learning.",0.0350707968331429,0,role frontend developer experience 15 year experience frontend developer education bs computer science skill redis express problem solving sql linux terraform ansible,look data scientist expertise spark git ci cd deep learning,0.0,0.7885774841512894
478,"Role: Software Engineer. Experience: 6 years of experience in Software Engineer.. Education: PhD in AI. Skills: TypeScript, Angular, MySQL, MongoDB.","Looking for a Frontend Developer with expertise in Scikit-Learn, Angular, Selenium, TensorFlow.",0.3540538563427573,0,role software engineer experience 6 year experience software engineer education phd ai skill typescript angular mysql mongodb,look frontend developer expertise scikit learn angular selenium tensorflow,0.25,0.7658716722009002
479,"Role: ML Engineer. Experience: 7 years of experience in ML Engineer.. Education: BS in Computer Science. Skills: Power BI, Redis, Deep Learning, Node.js, Spark, Project Management.","Looking for a Data Scientist with expertise in Communication Skills, Redis, Tableau, NumPy, NoSQL.",0.1730856930278232,0,role ml engineer experience 7 year experience ml engineer education bs computer science skill power bi redis deep learning node.js spark project management,look data scientist expertise communication skills redis tableau numpy nosql,0.2,0.5480183052883224
480,"Role: DevOps Engineer. Experience: 15 years of experience in DevOps Engineer.. Education: PhD in AI. Skills: C#, Angular, NumPy, Vue, PyTorch, Ansible.","Looking for a Frontend Developer with expertise in Microservices, Express, FastAPI, JavaScript.",0.1605939500544948,0,role devops engineer experience 15 year experience devops engineer education phd ai skill c angular numpy vue pytorch ansible,look frontend developer expertise microservices express fastapi javascript,0.0,0.5716041457176476
481,"Role: Software Engineer. Experience: 7 years of experience in Software Engineer.. Education: Self-taught Developer. Skills: Redis, Pandas, Microservices, Hadoop.","Looking for a DevOps Engineer with expertise in Elasticsearch, Scrum, MySQL, Communication Skills, Flask, Tableau.",0.3097850269993409,0,role software engineer experience 7 year experience software engineer education self teach developer skill redis pandas microservices hadoop,look devops engineer expertise elasticsearch scrum mysql communication skills flask tableau,0.0,0.6537202241337194
482,"Role: Frontend Developer. Experience: 7 years of experience in Frontend Developer.. Education: PhD in AI. Skills: Data Science, C#, Docker, Deep Learning, Selenium.","Looking for a Software Engineer with expertise in Data Analysis, GitHub, TensorFlow, Node.js.",0.0946920452325234,0,role frontend developer experience 7 year experience frontend developer education phd ai skill data science c docker deep learning selenium,look software engineer expertise data analysis github tensorflow node.js,0.0,0.7695994946253447
483,"Role: ML Engineer. Experience: 6 years of experience in ML Engineer.. Education: PhD in AI. Skills: Problem Solving, Project Management, Hadoop, SQL, Django, FastAPI.","Looking for a Data Scientist with expertise in NoSQL, Terraform, Jenkins, Ansible, HTML, Scrum.",0.175100744358847,0,role ml engineer experience 6 year experience ml engineer education phd ai skill problem solving project management hadoop sql django fastapi,look data scientist expertise nosql terraform jenkins ansible html scrum,0.0,0.5567578790128553
484,"Role: Software Engineer. Experience: 9 years of experience in Software Engineer.. Education: Self-taught Developer. Skills: Power BI, Computer Vision, Azure, GCP, Hadoop.","Looking for a Software Engineer with expertise in Pandas, Redis, Power BI, Java, Express, HTML.",0.3855036604573982,0,role software engineer experience 9 year experience software engineer education self teach developer skill power bi computer vision azure gcp hadoop,look software engineer expertise pandas redis power bi java express html,0.16666666666666666,0.8011072885210524
485,"Role: Data Scientist. Experience: 3 years of experience in Data Scientist.. Education: MS in Data Science. Skills: GitHub, Computer Vision, Python, MySQL, FastAPI.","Looking for a Data Scientist with expertise in Terraform, React, Git, Spark.",0.4440154088639963,0,role data scientist experience 3 year experience data scientist education ms data science skill github computer vision python mysql fastapi,look data scientist expertise terraform react git spark,0.0,0.7745451437373996
486,"Role: Software Engineer. Experience: 5 years of experience in Software Engineer.. Education: Self-taught Developer. Skills: Excel, Linux, Express, GraphQL, CSS.","Looking for a Frontend Developer with expertise in GitHub, Linux, NLP, Node.js, Docker.",0.4138665614830579,0,role software engineer experience 5 year experience software engineer education self teach developer skill excel linux express graphql css,look frontend developer expertise github linux nlp node.js docker,0.2,0.5748502881648836
487,"Role: Data Scientist. Experience: 13 years of experience in Data Scientist.. Education: BS in Computer Science. Skills: JavaScript, Keras, CI/CD, Excel.","Looking for a Frontend Developer with expertise in Scrum, Ansible, C++, Agile, Azure, Git.",0.2529136707083462,0,role data scientist experience 13 year experience data scientist education bs computer science skill javascript keras ci cd excel,look frontend developer expertise scrum ansible c++ agile azure git,0.0,0.5953767146332334
488,"Role: Software Engineer. Experience: 10 years of experience in Software Engineer.. Education: BS in Computer Science. Skills: Ansible, Pandas, Elasticsearch.","Looking for a ML Engineer with expertise in Hadoop, Azure, Tableau, Node.js, Excel.",0.3149136239581211,0,role software engineer experience 10 year experience software engineer education bs computer science skill ansible pandas elasticsearch,look ml engineer expertise hadoop azure tableau node.js excel,0.0,0.4791457431689065
489,"Role: ML Engineer. Experience: 12 years of experience in ML Engineer.. Education: MS in Data Science. Skills: Git, MongoDB, Elasticsearch, Docker, Project Management, Express, GitHub, Spark.","Looking for a Data Scientist with expertise in Redis, GCP, Terraform, FastAPI, NLP, Pandas, Machine Learning.",0.3431942038584125,0,role ml engineer experience 12 year experience ml engineer education ms data science skill git mongodb elasticsearch docker project management express github spark,look data scientist expertise redis gcp terraform fastapi nlp pandas machine learning,0.0,0.6361554453921354
490,"Role: Frontend Developer. Experience: 2 years of experience in Frontend Developer.. Education: Self-taught Developer. Skills: NumPy, TensorFlow, Keras, NoSQL, Data Analysis, GraphQL.","Looking for a Frontend Developer with expertise in Hadoop, MySQL, Azure, AWS, Excel, Node.js, CSS.",0.4516202247589241,0,role frontend developer experience 2 year experience frontend developer education self teach developer skill numpy tensorflow keras nosql data analysis graphql,look frontend developer expertise hadoop mysql azure aws excel node.js css,0.0,0.6863873977593962
491,"Role: Frontend Developer. Experience: 15 years of experience in Frontend Developer.. Education: Self-taught Developer. Skills: Pandas, Node.js, Scikit-Learn, Scrum, DevOps, Docker, Kubernetes.","Looking for a Data Scientist with expertise in GraphQL, Jenkins, Azure, DevOps, Pandas.",0.2827127323906915,0,role frontend developer experience 15 year experience frontend developer education self teach developer skill pandas node.js scikit learn scrum devops docker kubernetes,look data scientist expertise graphql jenkins azure devops pandas,0.4,0.6119419435901693
492,"Role: Frontend Developer. Experience: 3 years of experience in Frontend Developer.. Education: BS in Computer Science. Skills: Agile, CSS, Power BI, SQL.","Looking for a Frontend Developer with expertise in Project Management, Selenium, DevOps, Machine Learning, Scrum, Scikit-Learn.",0.3249124173771407,0,role frontend developer experience 3 year experience frontend developer education bs computer science skill agile css power bi sql,look frontend developer expertise project management selenium devops machine learning scrum scikit learn,0.0,0.8052812479425523
493,"Role: DevOps Engineer. Experience: 8 years of experience in DevOps Engineer.. Education: BS in Computer Science. Skills: Scikit-Learn, GraphQL, GCP, Express, DevOps.","Looking for a Software Engineer with expertise in Project Management, Kubernetes, Machine Learning, MySQL.",0.0975383980439938,0,role devops engineer experience 8 year experience devops engineer education bs computer science skill scikit learn graphql gcp express devops,look software engineer expertise project management kubernetes machine learning mysql,0.0,0.721669536406976
494,"Role: Software Engineer. Experience: 4 years of experience in Software Engineer.. Education: PhD in AI. Skills: PyTorch, Power BI, SQL, Computer Vision, HTML.","Looking for a Data Scientist with expertise in Redis, Data Science, Microservices, TensorFlow, Kubernetes, Deep Learning, Problem Solving.",0.0708383464380601,0,role software engineer experience 4 year experience software engineer education phd ai skill pytorch power bi sql computer vision html,look data scientist expertise redis data science microservices tensorflow kubernetes deep learning problem solving,0.0,0.7202223451888252
495,"Role: DevOps Engineer. Experience: 14 years of experience in DevOps Engineer.. Education: MS in Data Science. Skills: Computer Vision, Excel, GitHub.","Looking for a Software Engineer with expertise in C#, Terraform, PyTorch, Power BI, Azure.",0.0993679532500263,0,role devops engineer experience 14 year experience devops engineer education ms data science skill computer vision excel github,look software engineer expertise c terraform pytorch power bi azure,0.0,0.6515139965258183
496,"Role: Frontend Developer. Experience: 5 years of experience in Frontend Developer.. Education: PhD in AI. Skills: Pandas, Docker, TypeScript.","Looking for a ML Engineer with expertise in GCP, Terraform, Django, Spark, Java, Linux.",0.0392802697647398,0,role frontend developer experience 5 year experience frontend developer education phd ai skill pandas docker typescript,look ml engineer expertise gcp terraform django spark java linux,0.0,0.6195787528650687
497,"Role: ML Engineer. Experience: 7 years of experience in ML Engineer.. Education: BS in Computer Science. Skills: Ansible, Linux, Elasticsearch, PostgreSQL, GraphQL.","Looking for a ML Engineer with expertise in Java, PostgreSQL, Redis, TypeScript.",0.6341850131801462,0,role ml engineer experience 7 year experience ml engineer education bs computer science skill ansible linux elasticsearch postgresql graphql,look ml engineer expertise java postgresql redis typescript,0.25,0.7641724881494874
498,"Role: DevOps Engineer. Experience: 6 years of experience in DevOps Engineer.. Education: Self-taught Developer. Skills: Django, Computer Vision, Kubernetes.","Looking for a ML Engineer with expertise in SQL, REST API, Selenium, PyTorch, Data Analysis, DevOps.",0.3696149205163123,0,role devops engineer experience 6 year experience devops engineer education self teach developer skill django computer vision kubernetes,look ml engineer expertise sql rest api selenium pytorch data analysis devops,0.16666666666666666,0.7459098117187903
499,"Role: DevOps Engineer. Experience: 15 years of experience in DevOps Engineer.. Education: PhD in AI. Skills: HTML, AWS, Jenkins, Communication Skills, Ansible.","Looking for a DevOps Engineer with expertise in HTML, Terraform, CI/CD, Spark, Angular, Docker.",0.4016008490905443,0,role devops engineer experience 15 year experience devops engineer education phd ai skill html aws jenkins communication skills ansible,look devops engineer expertise html terraform ci cd spark angular docker,0.2857142857142857,0.6999139795822432
