resume_id,resume_text,job_description,relevance_score,label
0,"Role: DevOps Engineer. Experience: 12 years of experience in DevOps Engineer.. Education: BS in Computer Science. Skills: CI/CD, Keras, Selenium, Redis.","Looking for a Data Scientist with expertise in Computer Vision, JavaScript, Scikit-Learn, Azure, TensorFlow, Flask, Deep Learning.",0.16127673629500883,0
1,"Role: ML Engineer. Experience: 14 years of experience in ML Engineer.. Education: Self-taught Developer. Skills: Scrum, Ansible, Keras, TensorFlow.","Looking for a Data Scientist with expertise in REST API, TensorFlow, C#, GCP, Flask, DevOps.",0.22188828355256118,0
2,"Role: Frontend Developer. Experience: 15 years of experience in Frontend Developer.. Education: PhD in AI. Skills: Flask, PostgreSQL, AWS, Computer Vision, C#, Redis, GitHub, NoSQL.","Looking for a DevOps Engineer with expertise in Power BI, Problem Solving, DevOps, Ansible, AWS, Angular.",0.18637044816353487,0
3,"Role: ML Engineer. Experience: 15 years of experience in ML Engineer.. Education: BS in Computer Science. Skills: Data Analysis, HTML, NLP, DevOps, Tableau.","Looking for a ML Engineer with expertise in Pandas, Elasticsearch, FastAPI, DevOps, Excel, Node.js.",0.475007427599375,0
4,"Role: Frontend Developer. Experience: 4 years of experience in Frontend Developer.. Education: Self-taught Developer. Skills: Node.js, TensorFlow, CI/CD.","Looking for a Data Scientist with expertise in Machine Learning, TypeScript, GCP, Scikit-Learn.",0.1439463612920053,0
5,"Role: Frontend Developer. Experience: 5 years of experience in Frontend Developer.. Education: BS in Computer Science. Skills: NLP, Communication Skills, Terraform.","Looking for a Software Engineer with expertise in Ansible, Linux, REST API, DevOps, Django, Jenkins.",0.33659699501564966,0
6,"Role: DevOps Engineer. Experience: 2 years of experience in DevOps Engineer.. Education: BS in Computer Science. Skills: Data Analysis, AWS, CI/CD, React, GraphQL, Azure, Redis.","Looking for a Data Scientist with expertise in Keras, C++, Scikit-Learn, Java, TypeScript.",0.2779879760713846,0
7,"Role: Data Scientist. Experience: 1 years of experience in Data Scientist.. Education: Self-taught Developer. Skills: CSS, Vue, Django, JavaScript.","Looking for a ML Engineer with expertise in MySQL, Hadoop, Scikit-Learn, PostgreSQL, JavaScript, Data Analysis.",0.2847192223294413,0
8,"Role: Frontend Developer. Experience: 11 years of experience in Frontend Developer.. Education: Self-taught Developer. Skills: MongoDB, Spark, REST API, Express, Ansible, AWS, Agile.","Looking for a Software Engineer with expertise in Spark, NLP, Data Science, C++, Power BI, CI/CD, CSS.",0.3821657841302471,0
9,"Role: DevOps Engineer. Experience: 8 years of experience in DevOps Engineer.. Education: PhD in AI. Skills: Jenkins, Problem Solving, DevOps.","Looking for a Data Scientist with expertise in HTML, Tableau, GCP, Redis, Pandas.",0.13911569105275867,0
10,"Role: Frontend Developer. Experience: 11 years of experience in Frontend Developer.. Education: PhD in AI. Skills: REST API, Tableau, Project Management, Flask, DevOps, Keras, Data Science, Elasticsearch.","Looking for a Software Engineer with expertise in React, Express, MongoDB, Project Management.",0.36878065932051896,0
11,"Role: ML Engineer. Experience: 1 years of experience in ML Engineer.. Education: BS in Computer Science. Skills: FastAPI, Terraform, Computer Vision.","Looking for a DevOps Engineer with expertise in GitHub, Vue, CI/CD, Docker, FastAPI, JavaScript, Machine Learning.",0.22983896249479496,0
12,"Role: Data Scientist. Experience: 15 years of experience in Data Scientist.. Education: BS in Computer Science. Skills: Git, Machine Learning, NLP.","Looking for a Software Engineer with expertise in MySQL, Azure, Flask, Excel, Data Analysis, PostgreSQL.",0.13930952110733685,0
13,"Role: Software Engineer. Experience: 10 years of experience in Software Engineer.. Education: PhD in AI. Skills: AWS, Microservices, GitHub, TypeScript.","Looking for a DevOps Engineer with expertise in FastAPI, Jenkins, Vue, Agile, Data Analysis, Excel, NumPy.",0.10603117759381933,0
14,"Role: ML Engineer. Experience: 14 years of experience in ML Engineer.. Education: PhD in AI. Skills: Angular, Keras, Cloud Computing, PostgreSQL, C#, Machine Learning, Terraform, TensorFlow.","Looking for a Software Engineer with expertise in Angular, Machine Learning, GraphQL, Deep Learning, SQL.",0.4035062162577654,0
15,"Role: DevOps Engineer. Experience: 15 years of experience in DevOps Engineer.. Education: BS in Computer Science. Skills: GraphQL, Angular, Scrum.","Looking for a Data Scientist with expertise in Deep Learning, Problem Solving, Redis, TensorFlow, Flask, Excel, Django.",0.16228087770371308,0
16,"Role: Software Engineer. Experience: 8 years of experience in Software Engineer.. Education: BS in Computer Science. Skills: Problem Solving, Terraform, MongoDB, NumPy, PyTorch.","Looking for a Software Engineer with expertise in Express, Excel, GCP, Ansible.",0.34745816928902673,0
17,"Role: Data Scientist. Experience: 4 years of experience in Data Scientist.. Education: BS in Computer Science. Skills: Cloud Computing, Power BI, Java, NumPy, JavaScript, C++, Django, TensorFlow.","Looking for a Data Scientist with expertise in TensorFlow, Python, Express, Communication Skills, TypeScript, AWS, Spark.",0.43349871051895805,0
18,"Role: ML Engineer. Experience: 15 years of experience in ML Engineer.. Education: Self-taught Developer. Skills: CI/CD, Communication Skills, React, Project Management, Linux.","Looking for a Data Scientist with expertise in REST API, MySQL, Computer Vision, MongoDB, CI/CD.",0.295020601871577,0
19,"Role: Frontend Developer. Experience: 9 years of experience in Frontend Developer.. Education: BS in Computer Science. Skills: React, Agile, Data Science, GitHub, TypeScript, Docker.","Looking for a Frontend Developer with expertise in Selenium, CSS, GraphQL, Agile, Keras.",0.42803045385933036,0
20,"Role: Frontend Developer. Experience: 8 years of experience in Frontend Developer.. Education: Self-taught Developer. Skills: Computer Vision, SQL, Java, JavaScript, GCP, Vue, Data Science, Git.","Looking for a Frontend Developer with expertise in Pandas, Tableau, GraphQL, GitHub, Flask, Communication Skills, Scikit-Learn.",0.40871871914499414,0
21,"Role: Data Scientist. Experience: 3 years of experience in Data Scientist.. Education: BS in Computer Science. Skills: Angular, Spark, DevOps, Pandas, Node.js, Docker, Microservices.","Looking for a Frontend Developer with expertise in Agile, Cloud Computing, DevOps, Angular, GraphQL, SQL, Microservices.",0.41787610236092715,0
22,"Role: Frontend Developer. Experience: 14 years of experience in Frontend Developer.. Education: MS in Data Science. Skills: CSS, NumPy, Scikit-Learn, Flask.","Looking for a Data Scientist with expertise in NLP, Ansible, Node.js, Vue.",0.13914457687283904,0
23,"Role: Frontend Developer. Experience: 13 years of experience in Frontend Developer.. Education: MS in Data Science. Skills: Django, Computer Vision, Hadoop, NoSQL, Machine Learning, Deep Learning, MongoDB, FastAPI.","Looking for a ML Engineer with expertise in GraphQL, Machine Learning, NumPy, Django, PostgreSQL.",0.46964199428919434,0
24,"Role: ML Engineer. Experience: 1 years of experience in ML Engineer.. Education: BS in Computer Science. Skills: C#, Git, GraphQL, Machine Learning, MongoDB.","Looking for a Software Engineer with expertise in Express, Node.js, Computer Vision, Selenium, Redis, Kubernetes, Linux.",0.3122621234810204,0
25,"Role: ML Engineer. Experience: 10 years of experience in ML Engineer.. Education: PhD in AI. Skills: Problem Solving, TypeScript, Azure, Selenium, MongoDB, Django, Microservices.","Looking for a ML Engineer with expertise in Flask, NumPy, Node.js, Jenkins.",0.3665599409569082,0
26,"Role: Frontend Developer. Experience: 2 years of experience in Frontend Developer.. Education: Self-taught Developer. Skills: GCP, Node.js, NoSQL, MongoDB, Computer Vision, Scikit-Learn, JavaScript, Project Management.","Looking for a DevOps Engineer with expertise in Python, AWS, PostgreSQL, Ansible.",0.14387789789403269,0
27,"Role: DevOps Engineer. Experience: 3 years of experience in DevOps Engineer.. Education: PhD in AI. Skills: PostgreSQL, Flask, CSS, Microservices, NLP, Hadoop.","Looking for a Frontend Developer with expertise in Data Analysis, GraphQL, TensorFlow, Ansible, Node.js, Terraform, C#.",0.1583048676403705,0
28,"Role: Frontend Developer. Experience: 4 years of experience in Frontend Developer.. Education: BS in Computer Science. Skills: Spark, Power BI, JavaScript, Docker.","Looking for a DevOps Engineer with expertise in C++, AWS, NoSQL, Azure, Communication Skills.",0.223871735877829,0
29,"Role: Frontend Developer. Experience: 10 years of experience in Frontend Developer.. Education: Self-taught Developer. Skills: Machine Learning, TypeScript, CSS.","Looking for a Frontend Developer with expertise in GCP, Docker, Angular, Data Science, Tableau, JavaScript.",0.25180775384638737,0
30,"Role: DevOps Engineer. Experience: 15 years of experience in DevOps Engineer.. Education: BS in Computer Science. Skills: Project Management, Communication Skills, Vue, Power BI, Problem Solving, React, GraphQL, REST API.","Looking for a DevOps Engineer with expertise in React, TensorFlow, GitHub, Deep Learning, Terraform, Microservices.",0.5305107291728806,0
31,"Role: Software Engineer. Experience: 14 years of experience in Software Engineer.. Education: MS in Data Science. Skills: PyTorch, Microservices, Selenium, FastAPI, Node.js, C++.","Looking for a DevOps Engineer with expertise in Scrum, MySQL, Computer Vision, FastAPI, Machine Learning, Deep Learning.",0.17915633467638808,0
32,"Role: Software Engineer. Experience: 5 years of experience in Software Engineer.. Education: MS in Data Science. Skills: Tableau, Azure, Python, Terraform, JavaScript, Linux, Scikit-Learn, Cloud Computing.","Looking for a DevOps Engineer with expertise in GitHub, Ansible, C#, Vue, MySQL, Selenium.",0.36186074520258504,0
33,"Role: Frontend Developer. Experience: 11 years of experience in Frontend Developer.. Education: BS in Computer Science. Skills: Jenkins, DevOps, Keras, Ansible, Elasticsearch, GCP, Flask, Vue.","Looking for a Software Engineer with expertise in Python, Elasticsearch, REST API, Scikit-Learn, Azure, Redis.",0.2507030880353788,0
34,"Role: DevOps Engineer. Experience: 11 years of experience in DevOps Engineer.. Education: Self-taught Developer. Skills: GCP, JavaScript, Node.js, GitHub, Excel, FastAPI, Jenkins.","Looking for a Software Engineer with expertise in FastAPI, Pandas, Kubernetes, GCP.",0.38938873298125176,0
35,"Role: ML Engineer. Experience: 9 years of experience in ML Engineer.. Education: PhD in AI. Skills: GraphQL, FastAPI, DevOps, Pandas, Express.","Looking for a Frontend Developer with expertise in AWS, SQL, MongoDB, NoSQL, Deep Learning, TypeScript, JavaScript.",0.09034131559352986,0
36,"Role: DevOps Engineer. Experience: 10 years of experience in DevOps Engineer.. Education: MS in Data Science. Skills: NumPy, Tableau, Agile, Project Management.","Looking for a Software Engineer with expertise in Docker, Cloud Computing, Angular, PostgreSQL, Kubernetes, Project Management.",0.3058093713795619,0
37,"Role: Data Scientist. Experience: 13 years of experience in Data Scientist.. Education: BS in Computer Science. Skills: Git, React, MySQL.","Looking for a DevOps Engineer with expertise in Scrum, Git, NLP, Problem Solving, C#.",0.4004711003244128,0
38,"Role: Data Scientist. Experience: 14 years of experience in Data Scientist.. Education: PhD in AI. Skills: Cloud Computing, Pandas, Git, Docker, Flask.","Looking for a Software Engineer with expertise in Vue, Django, NoSQL, Deep Learning, NumPy, Data Analysis.",0.354173534292699,0
39,"Role: Data Scientist. Experience: 15 years of experience in Data Scientist.. Education: PhD in AI. Skills: Java, Jenkins, C++, SQL, NLP.","Looking for a ML Engineer with expertise in GraphQL, Keras, Pandas, Data Analysis, C++, Linux.",0.29819244642060166,0
40,"Role: Data Scientist. Experience: 3 years of experience in Data Scientist.. Education: BS in Computer Science. Skills: PyTorch, Linux, Project Management, C++.","Looking for a Software Engineer with expertise in NumPy, Flask, Cloud Computing, GCP, Hadoop, PyTorch, Git.",0.402082376607817,0
41,"Role: DevOps Engineer. Experience: 5 years of experience in DevOps Engineer.. Education: MS in Data Science. Skills: Django, TensorFlow, Cloud Computing, Azure, Express, Vue, Linux, NumPy.","Looking for a DevOps Engineer with expertise in GCP, CSS, TypeScript, DevOps, Elasticsearch, GraphQL, MongoDB.",0.37132106159196154,0
42,"Role: Software Engineer. Experience: 9 years of experience in Software Engineer.. Education: MS in Data Science. Skills: NumPy, C++, Angular, CI/CD, Redis, Machine Learning, Agile, Data Analysis.","Looking for a ML Engineer with expertise in Excel, AWS, Computer Vision, CSS.",0.24762768860708972,0
43,"Role: ML Engineer. Experience: 5 years of experience in ML Engineer.. Education: Self-taught Developer. Skills: Jenkins, Git, C++, HTML, Ansible, GraphQL, Project Management, Java.","Looking for a Data Scientist with expertise in Excel, Agile, Communication Skills, React.",0.0,0
44,"Role: Frontend Developer. Experience: 6 years of experience in Frontend Developer.. Education: Self-taught Developer. Skills: Data Science, PyTorch, Terraform, Linux, Computer Vision, Keras, SQL, Vue.","Looking for a Data Scientist with expertise in TensorFlow, AWS, Docker, Python, Linux, Scikit-Learn.",0.14881605515520324,0
45,"Role: DevOps Engineer. Experience: 13 years of experience in DevOps Engineer.. Education: Self-taught Developer. Skills: DevOps, Keras, TypeScript.","Looking for a Software Engineer with expertise in TypeScript, Docker, HTML, Azure, NumPy, Express.",0.3349927547581703,0
46,"Role: Data Scientist. Experience: 4 years of experience in Data Scientist.. Education: PhD in AI. Skills: AWS, Kubernetes, DevOps, Jenkins, Microservices, Selenium, Azure.","Looking for a Software Engineer with expertise in C++, PostgreSQL, CI/CD, Communication Skills.",0.335852576731824,0
47,"Role: ML Engineer. Experience: 5 years of experience in ML Engineer.. Education: MS in Data Science. Skills: Communication Skills, Machine Learning, Project Management.","Looking for a Data Scientist with expertise in CSS, Docker, PostgreSQL, PyTorch, GraphQL.",0.14085240534303745,0
48,"Role: Frontend Developer. Experience: 6 years of experience in Frontend Developer.. Education: Self-taught Developer. Skills: Communication Skills, Excel, Computer Vision, C++, Node.js, Agile, Deep Learning, REST API.","Looking for a DevOps Engineer with expertise in MongoDB, Docker, Data Analysis, CI/CD, Data Science, NoSQL, Elasticsearch.",0.26763433538562753,0
49,"Role: ML Engineer. Experience: 7 years of experience in ML Engineer.. Education: Self-taught Developer. Skills: Django, Tableau, Data Science, Agile, Flask, AWS, Redis.","Looking for a DevOps Engineer with expertise in Kubernetes, Docker, Keras, Selenium, Computer Vision.",0.3230609545158606,0
50,"Role: Software Engineer. Experience: 10 years of experience in Software Engineer.. Education: Self-taught Developer. Skills: Project Management, Communication Skills, Selenium, Django, Excel, Docker, TensorFlow.","Looking for a Data Scientist with expertise in GitHub, FastAPI, Java, Python, DevOps, TensorFlow, Communication Skills.",0.36508954928727183,0
51,"Role: ML Engineer. Experience: 14 years of experience in ML Engineer.. Education: BS in Computer Science. Skills: CSS, Computer Vision, Problem Solving, Express, HTML, Data Analysis, Flask, Java.","Looking for a Data Scientist with expertise in Scrum, Cloud Computing, NumPy, MySQL, Jenkins, GCP, Git.",0.2500048914336681,0
52,"Role: ML Engineer. Experience: 11 years of experience in ML Engineer.. Education: Self-taught Developer. Skills: Scrum, MySQL, Python, Docker, Elasticsearch, Scikit-Learn, Power BI, SQL.","Looking for a ML Engineer with expertise in Docker, CI/CD, Redis, Agile, Hadoop, Ansible.",0.3812274672397339,0
53,"Role: Frontend Developer. Experience: 12 years of experience in Frontend Developer.. Education: PhD in AI. Skills: Node.js, PyTorch, GCP.","Looking for a DevOps Engineer with expertise in Communication Skills, NLP, CSS, TensorFlow, Git, Node.js.",0.36602503299468,0
54,"Role: Frontend Developer. Experience: 14 years of experience in Frontend Developer.. Education: Self-taught Developer. Skills: DevOps, Tableau, TypeScript, Express.","Looking for a Data Scientist with expertise in Azure, Project Management, Computer Vision, Power BI, PostgreSQL, Communication Skills.",0.2775740585742288,0
55,"Role: ML Engineer. Experience: 3 years of experience in ML Engineer.. Education: PhD in AI. Skills: Data Analysis, Azure, NoSQL, PyTorch, SQL, Jenkins.","Looking for a DevOps Engineer with expertise in Tableau, DevOps, NoSQL, Microservices, Django, Angular, JavaScript.",0.46816269647492453,0
56,"Role: ML Engineer. Experience: 8 years of experience in ML Engineer.. Education: PhD in AI. Skills: CSS, Express, Redis, Data Analysis, Selenium, NLP, MongoDB, Django.","Looking for a Frontend Developer with expertise in FastAPI, Tableau, Computer Vision, C#, Communication Skills, REST API, NLP.",0.37395194347315147,0
57,"Role: Data Scientist. Experience: 13 years of experience in Data Scientist.. Education: BS in Computer Science. Skills: JavaScript, REST API, Spark, Express, MongoDB, Cloud Computing, GCP, TypeScript.","Looking for a ML Engineer with expertise in Pandas, Docker, Java, Ansible, Tableau, TensorFlow, Python.",0.1775902783668522,0
58,"Role: Frontend Developer. Experience: 14 years of experience in Frontend Developer.. Education: PhD in AI. Skills: Docker, SQL, Linux, NLP.","Looking for a Data Scientist with expertise in PyTorch, NLP, JavaScript, Microservices, Pandas, Node.js.",0.29812499325349073,0
59,"Role: Software Engineer. Experience: 3 years of experience in Software Engineer.. Education: MS in Data Science. Skills: Terraform, Angular, Azure, Communication Skills.","Looking for a Data Scientist with expertise in Spark, Data Science, Power BI, Communication Skills, NumPy, GitHub.",0.3651289062063374,0
60,"Role: Software Engineer. Experience: 3 years of experience in Software Engineer.. Education: PhD in AI. Skills: NoSQL, Excel, FastAPI, HTML, PostgreSQL, Elasticsearch.","Looking for a Software Engineer with expertise in GraphQL, JavaScript, Agile, Selenium.",0.3871979374071445,0
61,"Role: Software Engineer. Experience: 2 years of experience in Software Engineer.. Education: BS in Computer Science. Skills: Hadoop, Computer Vision, Express, NoSQL, Azure, Git, TensorFlow, Power BI.","Looking for a DevOps Engineer with expertise in Problem Solving, Project Management, Git, DevOps, Express.",0.48669735957853916,0
62,"Role: DevOps Engineer. Experience: 10 years of experience in DevOps Engineer.. Education: MS in Data Science. Skills: PostgreSQL, SQL, Node.js.","Looking for a DevOps Engineer with expertise in FastAPI, Express, Angular, Scrum.",0.42554408577180947,0
63,"Role: Software Engineer. Experience: 11 years of experience in Software Engineer.. Education: Self-taught Developer. Skills: Hadoop, Scrum, Angular, Linux, Power BI, Jenkins, FastAPI, JavaScript.","Looking for a Frontend Developer with expertise in Git, HTML, GraphQL, PyTorch, Machine Learning, TypeScript, Node.js.",0.23863064597905304,0
64,"Role: Frontend Developer. Experience: 11 years of experience in Frontend Developer.. Education: MS in Data Science. Skills: Spark, Docker, NumPy, TypeScript, Kubernetes.","Looking for a ML Engineer with expertise in Django, Pandas, Docker, Angular, Data Analysis, NoSQL, NumPy.",0.33748424461307164,0
65,"Role: DevOps Engineer. Experience: 8 years of experience in DevOps Engineer.. Education: Self-taught Developer. Skills: NumPy, Node.js, NoSQL, Java, Selenium, GraphQL, Django, PyTorch.","Looking for a Frontend Developer with expertise in C#, Tableau, Python, HTML, Computer Vision, Linux, GraphQL.",0.3202533615747545,0
66,"Role: Software Engineer. Experience: 4 years of experience in Software Engineer.. Education: PhD in AI. Skills: C#, Scikit-Learn, Vue, TypeScript, Jenkins.","Looking for a Software Engineer with expertise in GCP, Cloud Computing, Tableau, CI/CD.",0.37481600553668326,0
67,"Role: Frontend Developer. Experience: 8 years of experience in Frontend Developer.. Education: BS in Computer Science. Skills: React, GitHub, Git.","Looking for a DevOps Engineer with expertise in Problem Solving, MySQL, DevOps, Angular, NumPy.",0.24394858078593085,0
68,"Role: Data Scientist. Experience: 12 years of experience in Data Scientist.. Education: Self-taught Developer. Skills: Node.js, CI/CD, Scikit-Learn, PostgreSQL, Git.","Looking for a DevOps Engineer with expertise in SQL, Flask, MongoDB, Kubernetes.",0.47777300630103436,0
69,"Role: Frontend Developer. Experience: 2 years of experience in Frontend Developer.. Education: Self-taught Developer. Skills: SQL, Ansible, Data Analysis, DevOps, Pandas, Cloud Computing, C++.","Looking for a DevOps Engineer with expertise in React, GitHub, Linux, REST API, Angular, PostgreSQL, Java.",0.27741951678414056,0
70,"Role: Data Scientist. Experience: 9 years of experience in Data Scientist.. Education: PhD in AI. Skills: Keras, JavaScript, GraphQL, TypeScript, NoSQL, Scrum.","Looking for a Software Engineer with expertise in Excel, Jenkins, Hadoop, Data Analysis, REST API, GitHub, Machine Learning.",0.27756237056570887,0
71,"Role: ML Engineer. Experience: 2 years of experience in ML Engineer.. Education: Self-taught Developer. Skills: JavaScript, Hadoop, Jenkins, Spark.","Looking for a Software Engineer with expertise in Computer Vision, Agile, Tableau, Redis.",0.2526760832892479,0
72,"Role: Data Scientist. Experience: 8 years of experience in Data Scientist.. Education: Self-taught Developer. Skills: Angular, Redis, HTML, CI/CD, Ansible, Hadoop, Spark.","Looking for a ML Engineer with expertise in CSS, GitHub, DevOps, Power BI, GCP, Deep Learning, HTML.",0.20708537527145415,0
73,"Role: DevOps Engineer. Experience: 8 years of experience in DevOps Engineer.. Education: BS in Computer Science. Skills: Django, REST API, Redis.","Looking for a Data Scientist with expertise in Angular, Scikit-Learn, MongoDB, NoSQL.",0.17715079816764429,0
74,"Role: Data Scientist. Experience: 9 years of experience in Data Scientist.. Education: PhD in AI. Skills: Data Analysis, JavaScript, Data Science.","Looking for a ML Engineer with expertise in Excel, DevOps, C#, Node.js.",0.1703412107653551,0
75,"Role: Data Scientist. Experience: 8 years of experience in Data Scientist.. Education: BS in Computer Science. Skills: Keras, Git, Python.","Looking for a ML Engineer with expertise in Pandas, TensorFlow, Node.js, Kubernetes, Vue.",0.030045594045036254,0
76,"Role: Frontend Developer. Experience: 8 years of experience in Frontend Developer.. Education: MS in Data Science. Skills: Data Analysis, Git, Problem Solving.","Looking for a ML Engineer with expertise in Git, REST API, Hadoop, Node.js, Project Management, Keras, Excel.",0.1521703924359585,0
77,"Role: DevOps Engineer. Experience: 11 years of experience in DevOps Engineer.. Education: BS in Computer Science. Skills: FastAPI, GraphQL, Microservices, C#, Python, Data Science.","Looking for a ML Engineer with expertise in GitHub, Pandas, React, NoSQL, Spark, Express.",0.23192284825299808,0
78,"Role: Software Engineer. Experience: 10 years of experience in Software Engineer.. Education: PhD in AI. Skills: TypeScript, Tableau, Machine Learning, Cloud Computing.","Looking for a Data Scientist with expertise in HTML, Docker, Microservices, Scrum, MySQL.",0.15665219776131897,0
79,"Role: Data Scientist. Experience: 8 years of experience in Data Scientist.. Education: BS in Computer Science. Skills: Project Management, Python, Agile, Microservices.","Looking for a Frontend Developer with expertise in Docker, JavaScript, Angular, Elasticsearch.",0.02099433112166753,0
80,"Role: Frontend Developer. Experience: 7 years of experience in Frontend Developer.. Education: Self-taught Developer. Skills: Tableau, Excel, Hadoop, REST API, TypeScript.","Looking for a ML Engineer with expertise in NLP, Flask, Git, Scrum, Tableau.",0.3272425447723416,0
81,"Role: ML Engineer. Experience: 3 years of experience in ML Engineer.. Education: MS in Data Science. Skills: Azure, GitHub, C#.","Looking for a Software Engineer with expertise in Ansible, REST API, Redis, Selenium.",0.19616386464695806,0
82,"Role: Software Engineer. Experience: 11 years of experience in Software Engineer.. Education: BS in Computer Science. Skills: NLP, C#, Azure, TensorFlow, GCP.","Looking for a ML Engineer with expertise in Selenium, Communication Skills, MySQL, Express.",0.227311970609523,0
83,"Role: DevOps Engineer. Experience: 5 years of experience in DevOps Engineer.. Education: Self-taught Developer. Skills: Redis, GraphQL, Linux, Scrum, Communication Skills, Data Analysis.","Looking for a Software Engineer with expertise in Terraform, Java, Keras, Excel.",0.10667856123188375,0
84,"Role: Software Engineer. Experience: 12 years of experience in Software Engineer.. Education: PhD in AI. Skills: GitHub, Computer Vision, Linux, NumPy, MongoDB, Java.","Looking for a Data Scientist with expertise in MySQL, Redis, TensorFlow, Spark, JavaScript, C++, C#.",0.29831016816681466,0
85,"Role: Software Engineer. Experience: 2 years of experience in Software Engineer.. Education: PhD in AI. Skills: Keras, Vue, NumPy, Azure, Project Management, Git, Kubernetes, Machine Learning.","Looking for a Frontend Developer with expertise in Data Science, Cloud Computing, Pandas, Data Analysis, Python, Agile.",0.19272712935294795,0
86,"Role: ML Engineer. Experience: 11 years of experience in ML Engineer.. Education: Self-taught Developer. Skills: Machine Learning, Cloud Computing, GCP, PyTorch, Agile.","Looking for a DevOps Engineer with expertise in PyTorch, Project Management, NLP, CSS, Express.",0.4446443671758344,0
87,"Role: DevOps Engineer. Experience: 11 years of experience in DevOps Engineer.. Education: Self-taught Developer. Skills: Cloud Computing, Python, GCP, CSS, Pandas, GraphQL.","Looking for a Data Scientist with expertise in HTML, TypeScript, GraphQL, Kubernetes, Tableau.",0.24999576754936365,0
88,"Role: DevOps Engineer. Experience: 13 years of experience in DevOps Engineer.. Education: PhD in AI. Skills: AWS, GCP, Machine Learning, NoSQL, Hadoop, Excel, Scrum, Python.","Looking for a ML Engineer with expertise in Microservices, Redis, Spark, GCP.",0.4051124405686208,0
89,"Role: Software Engineer. Experience: 15 years of experience in Software Engineer.. Education: Self-taught Developer. Skills: Spark, Machine Learning, GitHub, Azure, TypeScript.","Looking for a ML Engineer with expertise in C#, PyTorch, NLP, Keras.",0.1731176837993468,0
90,"Role: DevOps Engineer. Experience: 1 years of experience in DevOps Engineer.. Education: BS in Computer Science. Skills: PostgreSQL, Tableau, Keras, Java, Terraform, CI/CD, Scikit-Learn.","Looking for a Frontend Developer with expertise in Machine Learning, DevOps, Power BI, Excel.",0.23329774300041026,0
91,"Role: Software Engineer. Experience: 9 years of experience in Software Engineer.. Education: MS in Data Science. Skills: Selenium, C++, TensorFlow, Computer Vision, FastAPI, Ansible, Vue.","Looking for a Software Engineer with expertise in REST API, FastAPI, Scikit-Learn, PyTorch, Git.",0.45831460785704853,0
92,"Role: DevOps Engineer. Experience: 11 years of experience in DevOps Engineer.. Education: BS in Computer Science. Skills: CSS, PostgreSQL, DevOps, Kubernetes, GitHub, GraphQL.","Looking for a DevOps Engineer with expertise in Keras, TypeScript, Data Science, Kubernetes, Python, Django, Azure.",0.4817458259070009,0
93,"Role: Data Scientist. Experience: 10 years of experience in Data Scientist.. Education: PhD in AI. Skills: Selenium, Express, Project Management, JavaScript, Pandas.","Looking for a Data Scientist with expertise in Kubernetes, Deep Learning, TypeScript, HTML, JavaScript, Scrum.",0.41998096353144543,0
94,"Role: Frontend Developer. Experience: 15 years of experience in Frontend Developer.. Education: PhD in AI. Skills: Flask, Pandas, Express, CI/CD, Scikit-Learn, TypeScript, FastAPI.","Looking for a Data Scientist with expertise in Elasticsearch, Cloud Computing, Ansible, Jenkins, Microservices.",0.2175992583437063,0
95,"Role: Software Engineer. Experience: 8 years of experience in Software Engineer.. Education: PhD in AI. Skills: Kubernetes, React, SQL.","Looking for a DevOps Engineer with expertise in Azure, React, CI/CD, MongoDB, Microservices.",0.17232974469725731,0
96,"Role: DevOps Engineer. Experience: 14 years of experience in DevOps Engineer.. Education: Self-taught Developer. Skills: PyTorch, GitHub, SQL, Power BI.","Looking for a Data Scientist with expertise in Pandas, NumPy, Data Analysis, C#, FastAPI, Spark, TypeScript.",0.06718373551540295,0
97,"Role: DevOps Engineer. Experience: 12 years of experience in DevOps Engineer.. Education: BS in Computer Science. Skills: MySQL, NLP, C#, PyTorch, Tableau, Node.js, Vue.","Looking for a Frontend Developer with expertise in DevOps, HTML, Scrum, FastAPI, Microservices, CI/CD, Git.",0.29402303179363887,0
98,"Role: Data Scientist. Experience: 1 years of experience in Data Scientist.. Education: PhD in AI. Skills: Keras, Selenium, Django, Docker, Python, HTML.","Looking for a DevOps Engineer with expertise in Spark, Python, Cloud Computing, NoSQL.",0.41640428004447383,0
99,"Role: DevOps Engineer. Experience: 10 years of experience in DevOps Engineer.. Education: BS in Computer Science. Skills: Jenkins, Docker, Tableau, NoSQL.","Looking for a Software Engineer with expertise in MongoDB, Scrum, Tableau, Hadoop.",0.38338032468678634,0
100,"Role: Software Engineer. Experience: 9 years of experience in Software Engineer.. Education: Self-taught Developer. Skills: GitHub, FastAPI, GraphQL, Machine Learning, Terraform, PostgreSQL, Scrum, Hadoop.","Looking for a Frontend Developer with expertise in Angular, Azure, Power BI, MySQL.",0.23490048839212818,0
101,"Role: Frontend Developer. Experience: 10 years of experience in Frontend Developer.. Education: PhD in AI. Skills: Keras, PyTorch, AWS, Scikit-Learn.","Looking for a ML Engineer with expertise in Data Analysis, MongoDB, Power BI, Docker, TypeScript, Jenkins.",0.12687842569746616,0
102,"Role: DevOps Engineer. Experience: 6 years of experience in DevOps Engineer.. Education: MS in Data Science. Skills: Problem Solving, C++, PyTorch, C#, Terraform, Angular, CSS, REST API.","Looking for a Frontend Developer with expertise in React, NoSQL, CI/CD, CSS.",0.305254293373053,0
103,"Role: Data Scientist. Experience: 15 years of experience in Data Scientist.. Education: PhD in AI. Skills: HTML, React, GraphQL, PyTorch.","Looking for a ML Engineer with expertise in AWS, Keras, Machine Learning, Project Management, Communication Skills, SQL.",0.1794115083985767,0
104,"Role: Data Scientist. Experience: 8 years of experience in Data Scientist.. Education: Self-taught Developer. Skills: TypeScript, C#, Git, MongoDB, Selenium, CSS.","Looking for a ML Engineer with expertise in GitHub, Kubernetes, Data Science, Deep Learning, Computer Vision.",0.36771910321737417,0
105,"Role: Frontend Developer. Experience: 2 years of experience in Frontend Developer.. Education: MS in Data Science. Skills: GraphQL, Terraform, PyTorch, Ansible.","Looking for a ML Engineer with expertise in React, Express, Terraform, AWS, GitHub.",0.226961752002723,0
106,"Role: Frontend Developer. Experience: 5 years of experience in Frontend Developer.. Education: PhD in AI. Skills: Selenium, Azure, Cloud Computing, Hadoop, Jenkins, C#, GitHub, GCP.","Looking for a Software Engineer with expertise in Cloud Computing, Elasticsearch, Hadoop, CSS, Python, HTML.",0.5373120376961722,0
107,"Role: Frontend Developer. Experience: 12 years of experience in Frontend Developer.. Education: BS in Computer Science. Skills: GitHub, FastAPI, Express.","Looking for a ML Engineer with expertise in Problem Solving, Python, REST API, Agile, Ansible, CSS.",0.2155828427007594,0
108,"Role: DevOps Engineer. Experience: 14 years of experience in DevOps Engineer.. Education: PhD in AI. Skills: Hadoop, Problem Solving, Redis, TensorFlow, Deep Learning, Java, GCP.","Looking for a Frontend Developer with expertise in FastAPI, REST API, TypeScript, Redis, TensorFlow, HTML, MongoDB.",0.15067743463196837,0
109,"Role: Software Engineer. Experience: 13 years of experience in Software Engineer.. Education: MS in Data Science. Skills: JavaScript, Terraform, Machine Learning, SQL, Vue, Kubernetes, Python.","Looking for a Data Scientist with expertise in Jenkins, Agile, PyTorch, FastAPI, Hadoop, Elasticsearch.",0.16175288241213312,0
110,"Role: Data Scientist. Experience: 9 years of experience in Data Scientist.. Education: Self-taught Developer. Skills: Flask, Kubernetes, GraphQL, FastAPI.","Looking for a DevOps Engineer with expertise in GraphQL, Spark, HTML, NumPy.",0.3413655667444028,0
111,"Role: DevOps Engineer. Experience: 1 years of experience in DevOps Engineer.. Education: MS in Data Science. Skills: Excel, Power BI, Project Management, Machine Learning, Scrum, Git, C++.","Looking for a ML Engineer with expertise in Power BI, Flask, Hadoop, Jenkins.",0.40406533456200255,0
112,"Role: Data Scientist. Experience: 3 years of experience in Data Scientist.. Education: MS in Data Science. Skills: Pandas, Scikit-Learn, Docker, HTML, Kubernetes, FastAPI, SQL.","Looking for a Software Engineer with expertise in TensorFlow, Excel, Node.js, MongoDB, Linux, Angular, Azure.",0.11502339584541253,0
113,"Role: Software Engineer. Experience: 1 years of experience in Software Engineer.. Education: PhD in AI. Skills: SQL, Vue, Express, GCP, Problem Solving.","Looking for a ML Engineer with expertise in Terraform, Vue, Flask, Spark, Microservices, MongoDB, SQL.",0.395057820644013,0
114,"Role: Frontend Developer. Experience: 3 years of experience in Frontend Developer.. Education: BS in Computer Science. Skills: Django, Express, Jenkins, PyTorch, JavaScript, TypeScript, Communication Skills, AWS.","Looking for a Frontend Developer with expertise in PostgreSQL, TypeScript, Scikit-Learn, GitHub, Excel, React.",0.4230873346810962,0
115,"Role: Frontend Developer. Experience: 14 years of experience in Frontend Developer.. Education: MS in Data Science. Skills: Vue, Problem Solving, Python, Jenkins, Linux, CSS.","Looking for a Frontend Developer with expertise in Java, GraphQL, Jenkins, Tableau.",0.4959877544994466,0
116,"Role: ML Engineer. Experience: 9 years of experience in ML Engineer.. Education: Self-taught Developer. Skills: Power BI, FastAPI, SQL.","Looking for a ML Engineer with expertise in Express, JavaScript, REST API, MongoDB, Tableau, Agile, SQL.",0.31123187344401937,0
117,"Role: Frontend Developer. Experience: 12 years of experience in Frontend Developer.. Education: MS in Data Science. Skills: Python, Data Science, Docker.","Looking for a Software Engineer with expertise in AWS, Flask, Computer Vision, Node.js, HTML, Ansible, Problem Solving.",0.09716894829496064,0
118,"Role: Data Scientist. Experience: 1 years of experience in Data Scientist.. Education: BS in Computer Science. Skills: Pandas, REST API, Power BI, NumPy, Linux, Flask, Azure, Agile.","Looking for a ML Engineer with expertise in React, CSS, Problem Solving, AWS, Ansible, Deep Learning.",0.09558669427158473,0
119,"Role: Frontend Developer. Experience: 9 years of experience in Frontend Developer.. Education: MS in Data Science. Skills: Redis, Data Science, NLP, Git.","Looking for a DevOps Engineer with expertise in Git, Tableau, Scikit-Learn, C++.",0.4369662430174983,0
120,"Role: Data Scientist. Experience: 15 years of experience in Data Scientist.. Education: MS in Data Science. Skills: NoSQL, AWS, Docker.","Looking for a DevOps Engineer with expertise in Ansible, Excel, Node.js, Django.",0.3357563119124813,0
121,"Role: DevOps Engineer. Experience: 1 years of experience in DevOps Engineer.. Education: BS in Computer Science. Skills: Scrum, Computer Vision, NumPy, GraphQL, REST API.","Looking for a DevOps Engineer with expertise in FastAPI, NoSQL, Express, Power BI.",0.3641707696320137,0
122,"Role: Data Scientist. Experience: 4 years of experience in Data Scientist.. Education: MS in Data Science. Skills: Excel, Communication Skills, Deep Learning.","Looking for a Data Scientist with expertise in Linux, GitHub, Project Management, Hadoop, Computer Vision, Cloud Computing, Elasticsearch.",0.27259553662776337,0
123,"Role: Frontend Developer. Experience: 3 years of experience in Frontend Developer.. Education: PhD in AI. Skills: Kubernetes, Communication Skills, CSS, CI/CD.","Looking for a ML Engineer with expertise in Express, C++, Linux, GraphQL, Java, Scrum.",0.12304704239092483,0
124,"Role: Software Engineer. Experience: 7 years of experience in Software Engineer.. Education: Self-taught Developer. Skills: MySQL, Docker, Angular, MongoDB.","Looking for a Software Engineer with expertise in Terraform, FastAPI, C#, TypeScript, Microservices.",0.28181420491091663,0
125,"Role: Data Scientist. Experience: 8 years of experience in Data Scientist.. Education: Self-taught Developer. Skills: C#, Deep Learning, Vue, Data Analysis, CI/CD, React.","Looking for a Software Engineer with expertise in Elasticsearch, Excel, MongoDB, NumPy, Power BI, Scrum, Terraform.",0.18220348443232512,0
126,"Role: Software Engineer. Experience: 2 years of experience in Software Engineer.. Education: Self-taught Developer. Skills: REST API, SQL, Java, JavaScript, React, TensorFlow.","Looking for a DevOps Engineer with expertise in TensorFlow, Data Science, Communication Skills, Hadoop, TypeScript, Vue.",0.23375969843227407,0
127,"Role: Software Engineer. Experience: 3 years of experience in Software Engineer.. Education: BS in Computer Science. Skills: HTML, Cloud Computing, Angular, AWS, Express, Pandas, Redis.","Looking for a Data Scientist with expertise in Git, Ansible, FastAPI, Agile, REST API, Pandas, Kubernetes.",0.2901538404312466,0
128,"Role: ML Engineer. Experience: 14 years of experience in ML Engineer.. Education: BS in Computer Science. Skills: Linux, Scrum, Express, Communication Skills, Machine Learning, Keras.","Looking for a ML Engineer with expertise in Deep Learning, PostgreSQL, Vue, Cloud Computing, Problem Solving, Angular.",0.39098194136996106,0
129,"Role: DevOps Engineer. Experience: 2 years of experience in DevOps Engineer.. Education: PhD in AI. Skills: HTML, Problem Solving, Docker, FastAPI, Pandas, NoSQL, NumPy, GCP.","Looking for a Data Scientist with expertise in Node.js, Power BI, C#, Jenkins, Linux.",0.11198564292884124,0
130,"Role: Software Engineer. Experience: 1 years of experience in Software Engineer.. Education: MS in Data Science. Skills: Angular, Django, TypeScript, REST API, Cloud Computing.","Looking for a DevOps Engineer with expertise in Data Analysis, Flask, C++, Ansible.",0.12554802875194088,0
131,"Role: Data Scientist. Experience: 6 years of experience in Data Scientist.. Education: Self-taught Developer. Skills: Selenium, CSS, MongoDB, Git.","Looking for a Frontend Developer with expertise in TensorFlow, Node.js, Docker, Agile, Scrum, Excel, Scikit-Learn.",0.07972786359338871,0
132,"Role: Frontend Developer. Experience: 13 years of experience in Frontend Developer.. Education: BS in Computer Science. Skills: Selenium, Microservices, Scrum, C++, Keras.","Looking for a Frontend Developer with expertise in CI/CD, Cloud Computing, TensorFlow, GCP.",0.25954276991397823,0
133,"Role: DevOps Engineer. Experience: 6 years of experience in DevOps Engineer.. Education: MS in Data Science. Skills: GCP, Ansible, Tableau, MongoDB.","Looking for a Software Engineer with expertise in Linux, PostgreSQL, Python, Java, React, Excel, Vue.",0.20309053450325068,0
134,"Role: DevOps Engineer. Experience: 15 years of experience in DevOps Engineer.. Education: MS in Data Science. Skills: MySQL, Linux, React, Scikit-Learn, Power BI.","Looking for a Software Engineer with expertise in Power BI, Keras, C++, Linux, Scrum.",0.478701664068338,0
135,"Role: DevOps Engineer. Experience: 2 years of experience in DevOps Engineer.. Education: Self-taught Developer. Skills: Deep Learning, SQL, Machine Learning, Pandas, Linux.","Looking for a Software Engineer with expertise in C++, TensorFlow, Data Analysis, GCP, Deep Learning, Ansible, Power BI.",0.34857031268733774,0
136,"Role: ML Engineer. Experience: 10 years of experience in ML Engineer.. Education: MS in Data Science. Skills: Ansible, TensorFlow, Redis, Power BI, MongoDB, PyTorch.","Looking for a Data Scientist with expertise in Jenkins, Communication Skills, Django, Git.",0.11318380821864452,0
137,"Role: Software Engineer. Experience: 1 years of experience in Software Engineer.. Education: PhD in AI. Skills: Tableau, Excel, AWS, MySQL, Git, FastAPI, NLP.","Looking for a Frontend Developer with expertise in Kubernetes, Machine Learning, TypeScript, Linux, Elasticsearch, Scrum.",0.059114299764814845,0
138,"Role: Data Scientist. Experience: 10 years of experience in Data Scientist.. Education: MS in Data Science. Skills: Git, REST API, Flask, GCP, Pandas, Angular, Communication Skills.","Looking for a Data Scientist with expertise in Jenkins, MongoDB, Ansible, MySQL, Machine Learning.",0.38571886665388305,0
139,"Role: Data Scientist. Experience: 1 years of experience in Data Scientist.. Education: MS in Data Science. Skills: Scrum, SQL, Terraform, Django, MongoDB.","Looking for a ML Engineer with expertise in CSS, MongoDB, C++, Data Analysis, Python, Tableau.",0.28796458703505234,0
140,"Role: ML Engineer. Experience: 5 years of experience in ML Engineer.. Education: BS in Computer Science. Skills: Linux, MySQL, Excel, Project Management, Node.js.","Looking for a Data Scientist with expertise in Tableau, TypeScript, Microservices, Scikit-Learn, JavaScript, C#.",0.2810572752374624,0
141,"Role: ML Engineer. Experience: 13 years of experience in ML Engineer.. Education: BS in Computer Science. Skills: GitHub, Microservices, Agile, React, Computer Vision, Selenium, JavaScript, Data Analysis.","Looking for a ML Engineer with expertise in Django, Vue, Linux, Deep Learning.",0.29189156934934013,0
142,"Role: DevOps Engineer. Experience: 6 years of experience in DevOps Engineer.. Education: MS in Data Science. Skills: Selenium, HTML, Azure, PyTorch, Agile, TypeScript, Computer Vision, GitHub.","Looking for a Software Engineer with expertise in Flask, CI/CD, CSS, Communication Skills, PostgreSQL.",0.260373697794278,0
143,"Role: Data Scientist. Experience: 15 years of experience in Data Scientist.. Education: PhD in AI. Skills: PostgreSQL, Hadoop, React, Tableau, C++.","Looking for a ML Engineer with expertise in Data Analysis, Git, MongoDB, REST API.",0.04917673034726217,0
144,"Role: Data Scientist. Experience: 1 years of experience in Data Scientist.. Education: MS in Data Science. Skills: Java, Elasticsearch, Deep Learning.","Looking for a Software Engineer with expertise in TypeScript, Flask, Data Analysis, NLP.",0.20880371031006473,0
145,"Role: Software Engineer. Experience: 4 years of experience in Software Engineer.. Education: BS in Computer Science. Skills: C#, JavaScript, PyTorch, Azure, MongoDB, Hadoop, NoSQL, Spark.","Looking for a Software Engineer with expertise in Django, FastAPI, Communication Skills, Python, Data Analysis, GCP.",0.3470098325420365,0
146,"Role: DevOps Engineer. Experience: 10 years of experience in DevOps Engineer.. Education: Self-taught Developer. Skills: Express, NumPy, Deep Learning.","Looking for a ML Engineer with expertise in HTML, SQL, Redis, Scrum, C#, Computer Vision, React.",0.08315147232294676,0
147,"Role: DevOps Engineer. Experience: 12 years of experience in DevOps Engineer.. Education: BS in Computer Science. Skills: HTML, TypeScript, C#, GitHub.","Looking for a DevOps Engineer with expertise in Jenkins, TypeScript, Git, PostgreSQL, DevOps.",0.5990654400384885,0
148,"Role: Software Engineer. Experience: 5 years of experience in Software Engineer.. Education: Self-taught Developer. Skills: TypeScript, DevOps, Ansible, MongoDB, CI/CD.","Looking for a ML Engineer with expertise in Terraform, JavaScript, Keras, Ansible, CSS, Scikit-Learn.",0.09865539248026947,0
149,"Role: Frontend Developer. Experience: 3 years of experience in Frontend Developer.. Education: PhD in AI. Skills: FastAPI, Spark, Terraform.","Looking for a Software Engineer with expertise in Git, Project Management, Terraform, Data Analysis, MySQL, Problem Solving.",0.2665403270409629,0
150,"Role: DevOps Engineer. Experience: 7 years of experience in DevOps Engineer.. Education: MS in Data Science. Skills: Flask, React, NoSQL.","Looking for a DevOps Engineer with expertise in Problem Solving, Data Science, Machine Learning, NLP.",0.5692699426187595,0
151,"Role: DevOps Engineer. Experience: 2 years of experience in DevOps Engineer.. Education: MS in Data Science. Skills: Angular, MySQL, SQL, Pandas, HTML, Project Management, Deep Learning, Problem Solving.","Looking for a Frontend Developer with expertise in GitHub, Cloud Computing, MySQL, Keras, Angular, Linux.",0.4031993495724455,0
152,"Role: ML Engineer. Experience: 2 years of experience in ML Engineer.. Education: PhD in AI. Skills: Problem Solving, Data Science, Scrum, NLP, NoSQL, Deep Learning, Node.js, JavaScript.","Looking for a Data Scientist with expertise in TypeScript, NLP, Computer Vision, Elasticsearch, Hadoop, Pandas, C++.",0.33306172736681927,0
153,"Role: Frontend Developer. Experience: 8 years of experience in Frontend Developer.. Education: BS in Computer Science. Skills: NumPy, DevOps, Django, Deep Learning, MySQL, Microservices, Docker, NLP.","Looking for a Frontend Developer with expertise in Elasticsearch, SQL, Java, Git, Tableau.",0.4413565924596201,0
154,"Role: Software Engineer. Experience: 5 years of experience in Software Engineer.. Education: PhD in AI. Skills: Excel, HTML, Python, Linux, NumPy, Flask.","Looking for a DevOps Engineer with expertise in Selenium, Keras, Excel, MySQL, GitHub.",0.07659005392910284,0
155,"Role: Data Scientist. Experience: 8 years of experience in Data Scientist.. Education: PhD in AI. Skills: C#, Excel, MongoDB, Flask, Project Management, Microservices, PostgreSQL, Node.js.","Looking for a DevOps Engineer with expertise in Machine Learning, Agile, Flask, React, MySQL.",0.27545805230272213,0
156,"Role: DevOps Engineer. Experience: 1 years of experience in DevOps Engineer.. Education: PhD in AI. Skills: Jenkins, Git, Keras, C++.","Looking for a DevOps Engineer with expertise in GraphQL, Tableau, Spark, Microservices, Data Analysis, Pandas.",0.45224364177935156,0
157,"Role: Frontend Developer. Experience: 14 years of experience in Frontend Developer.. Education: BS in Computer Science. Skills: Pandas, Git, Power BI, Hadoop, Jenkins.","Looking for a Software Engineer with expertise in Docker, NumPy, Tableau, Linux, Terraform, Machine Learning, Microservices.",0.32521026328916003,0
158,"Role: Data Scientist. Experience: 2 years of experience in Data Scientist.. Education: PhD in AI. Skills: AWS, Scikit-Learn, Excel, Spark, Java, CI/CD, Docker, Project Management.","Looking for a Software Engineer with expertise in NoSQL, Django, DevOps, NumPy, Ansible, Elasticsearch.",0.26759117050411835,0
159,"Role: Frontend Developer. Experience: 11 years of experience in Frontend Developer.. Education: Self-taught Developer. Skills: Spark, DevOps, TypeScript, Computer Vision, Machine Learning, GCP.","Looking for a ML Engineer with expertise in Cloud Computing, CSS, Vue, TensorFlow, Redis, Project Management.",0.35463293298188664,0
160,"Role: Data Scientist. Experience: 15 years of experience in Data Scientist.. Education: BS in Computer Science. Skills: Kubernetes, NoSQL, Django, Ansible, FastAPI, Computer Vision, Tableau, C++.","Looking for a DevOps Engineer with expertise in Django, JavaScript, Java, DevOps.",0.36088291269501155,0
161,"Role: Frontend Developer. Experience: 10 years of experience in Frontend Developer.. Education: BS in Computer Science. Skills: Machine Learning, NumPy, MySQL, HTML, Data Analysis, React, CSS.","Looking for a Software Engineer with expertise in GraphQL, Deep Learning, Azure, Agile, Excel, Spark, Power BI.",0.1727968707721631,0
162,"Role: Software Engineer. Experience: 12 years of experience in Software Engineer.. Education: Self-taught Developer. Skills: MongoDB, CSS, Ansible.","Looking for a Data Scientist with expertise in TensorFlow, Hadoop, GitHub, Node.js, Computer Vision, MySQL, MongoDB.",0.3292017753384752,0
163,"Role: Software Engineer. Experience: 12 years of experience in Software Engineer.. Education: BS in Computer Science. Skills: Azure, Docker, Elasticsearch, JavaScript.","Looking for a ML Engineer with expertise in Azure, Node.js, NLP, Keras.",0.46628926432513323,0
164,"Role: ML Engineer. Experience: 7 years of experience in ML Engineer.. Education: MS in Data Science. Skills: Excel, Node.js, HTML, Redis, SQL, Data Analysis, Machine Learning, PyTorch.","Looking for a Software Engineer with expertise in FastAPI, C++, Machine Learning, Git, Agile.",0.35007934928266243,0
165,"Role: Frontend Developer. Experience: 13 years of experience in Frontend Developer.. Education: Self-taught Developer. Skills: Machine Learning, TensorFlow, Project Management, CSS, Problem Solving.","Looking for a Frontend Developer with expertise in Docker, Agile, Cloud Computing, Azure, Ansible, Flask.",0.23577974631086174,0
166,"Role: DevOps Engineer. Experience: 3 years of experience in DevOps Engineer.. Education: MS in Data Science. Skills: Pandas, Selenium, CI/CD, Angular.","Looking for a Frontend Developer with expertise in Excel, MongoDB, Kubernetes, Microservices, Keras, GraphQL.",0.2955568752142134,0
167,"Role: DevOps Engineer. Experience: 3 years of experience in DevOps Engineer.. Education: Self-taught Developer. Skills: Kubernetes, Java, Elasticsearch, Problem Solving, Jenkins, AWS.","Looking for a Frontend Developer with expertise in Terraform, Data Analysis, JavaScript, Scrum, Data Science, Excel.",0.16936464766738912,0
168,"Role: DevOps Engineer. Experience: 15 years of experience in DevOps Engineer.. Education: BS in Computer Science. Skills: Selenium, Hadoop, Git, Excel, NumPy, Java, Scrum, PyTorch.","Looking for a Software Engineer with expertise in Agile, Elasticsearch, Scikit-Learn, Node.js, NLP, HTML.",0.13028430953482933,0
169,"Role: Software Engineer. Experience: 4 years of experience in Software Engineer.. Education: Self-taught Developer. Skills: CI/CD, CSS, Spark.","Looking for a Data Scientist with expertise in Deep Learning, Node.js, Python, Keras, Communication Skills, Flask.",0.3399826508558921,0
170,"Role: Data Scientist. Experience: 12 years of experience in Data Scientist.. Education: Self-taught Developer. Skills: TensorFlow, Azure, Pandas, CI/CD, PostgreSQL, Jenkins, Python.","Looking for a Data Scientist with expertise in Ansible, JavaScript, Deep Learning, Node.js.",0.41927314678581556,0
171,"Role: Frontend Developer. Experience: 5 years of experience in Frontend Developer.. Education: Self-taught Developer. Skills: Flask, FastAPI, Ansible, Scrum, Microservices, Elasticsearch.","Looking for a Frontend Developer with expertise in Selenium, CI/CD, GitHub, Pandas.",0.3837108621719793,0
172,"Role: Software Engineer. Experience: 11 years of experience in Software Engineer.. Education: MS in Data Science. Skills: SQL, JavaScript, GitHub, Data Science, Flask, CSS, React.","Looking for a Software Engineer with expertise in JavaScript, DevOps, AWS, Git.",0.5614039561433131,0
173,"Role: ML Engineer. Experience: 6 years of experience in ML Engineer.. Education: Self-taught Developer. Skills: Kubernetes, Scikit-Learn, C++, Angular, Flask.","Looking for a ML Engineer with expertise in React, Django, Azure, Redis, Vue, NumPy.",0.4051999425701184,0
174,"Role: Software Engineer. Experience: 9 years of experience in Software Engineer.. Education: MS in Data Science. Skills: Data Science, Power BI, FastAPI, Cloud Computing, NLP, Communication Skills, MongoDB.","Looking for a DevOps Engineer with expertise in Elasticsearch, TypeScript, Azure, C#, Keras, Pandas.",0.21458133077538183,0
175,"Role: Software Engineer. Experience: 11 years of experience in Software Engineer.. Education: Self-taught Developer. Skills: Microservices, Angular, Linux, TypeScript, FastAPI.","Looking for a Data Scientist with expertise in Express, Project Management, CSS, CI/CD.",0.1868267880703887,0
176,"Role: Data Scientist. Experience: 11 years of experience in Data Scientist.. Education: PhD in AI. Skills: Keras, React, DevOps, Scrum, MySQL.","Looking for a Data Scientist with expertise in Elasticsearch, Express, AWS, Computer Vision, NLP.",0.4108449271232435,0
177,"Role: Frontend Developer. Experience: 7 years of experience in Frontend Developer.. Education: PhD in AI. Skills: TypeScript, Project Management, Node.js.","Looking for a Frontend Developer with expertise in TensorFlow, NoSQL, DevOps, AWS, Pandas.",0.3171464137054079,0
178,"Role: Software Engineer. Experience: 15 years of experience in Software Engineer.. Education: Self-taught Developer. Skills: SQL, MongoDB, Power BI, NLP, DevOps.","Looking for a Data Scientist with expertise in Data Analysis, Jenkins, MongoDB, Deep Learning.",0.3054365962519758,0
179,"Role: Software Engineer. Experience: 14 years of experience in Software Engineer.. Education: Self-taught Developer. Skills: Terraform, Ansible, Node.js.","Looking for a Frontend Developer with expertise in Microservices, Excel, TensorFlow, Data Science, Deep Learning, Tableau.",0.32197285055945524,0
180,"Role: Data Scientist. Experience: 1 years of experience in Data Scientist.. Education: Self-taught Developer. Skills: PyTorch, Pandas, Microservices, Python, Machine Learning, NumPy.","Looking for a Software Engineer with expertise in Kubernetes, Selenium, Express, Data Analysis, SQL, Tableau.",0.27042303602115797,0
181,"Role: ML Engineer. Experience: 3 years of experience in ML Engineer.. Education: Self-taught Developer. Skills: React, GraphQL, MySQL, Problem Solving, Deep Learning, Kubernetes, Communication Skills.","Looking for a DevOps Engineer with expertise in Tableau, MongoDB, Keras, Pandas, Linux, NLP.",0.20485997573716938,0
182,"Role: Software Engineer. Experience: 14 years of experience in Software Engineer.. Education: BS in Computer Science. Skills: Scikit-Learn, Terraform, Agile, CI/CD, Jenkins.","Looking for a Data Scientist with expertise in GitHub, Machine Learning, Keras, CSS, Cloud Computing, HTML.",0.371173357306927,0
183,"Role: Frontend Developer. Experience: 5 years of experience in Frontend Developer.. Education: Self-taught Developer. Skills: Django, CSS, SQL.","Looking for a Software Engineer with expertise in Git, GitHub, Problem Solving, Jenkins.",0.2943851266975425,0
184,"Role: ML Engineer. Experience: 10 years of experience in ML Engineer.. Education: PhD in AI. Skills: SQL, GitHub, GraphQL.","Looking for a Frontend Developer with expertise in Deep Learning, GitHub, CSS, Linux, C++.",0.343823018446093,0
185,"Role: Data Scientist. Experience: 1 years of experience in Data Scientist.. Education: BS in Computer Science. Skills: TensorFlow, REST API, NLP, GitHub, Linux, Jenkins.","Looking for a ML Engineer with expertise in C#, Jenkins, Data Science, Tableau, Redis, Communication Skills, Problem Solving.",0.2890691946370582,0
186,"Role: Data Scientist. Experience: 7 years of experience in Data Scientist.. Education: PhD in AI. Skills: Deep Learning, Ansible, Node.js, React.","Looking for a Data Scientist with expertise in Computer Vision, Keras, NoSQL, Express, Docker, TensorFlow.",0.4246127245252687,0
187,"Role: Data Scientist. Experience: 6 years of experience in Data Scientist.. Education: MS in Data Science. Skills: GCP, Hadoop, TypeScript, Angular, C#, Power BI, Machine Learning.","Looking for a ML Engineer with expertise in Computer Vision, Kubernetes, CI/CD, Azure, Deep Learning, Keras, Tableau.",0.09663290174714279,0
188,"Role: Frontend Developer. Experience: 11 years of experience in Frontend Developer.. Education: BS in Computer Science. Skills: Elasticsearch, GitHub, Selenium, CSS, Cloud Computing, Tableau, GCP.","Looking for a DevOps Engineer with expertise in PyTorch, C#, Angular, Pandas, NLP, Vue, Agile.",0.17963341403540067,0
189,"Role: Software Engineer. Experience: 10 years of experience in Software Engineer.. Education: PhD in AI. Skills: Elasticsearch, DevOps, FastAPI, Docker, Linux, CI/CD, Project Management, MongoDB.","Looking for a ML Engineer with expertise in NumPy, Docker, Agile, SQL, Ansible, Cloud Computing, Azure.",0.3318863109686342,0
190,"Role: Frontend Developer. Experience: 8 years of experience in Frontend Developer.. Education: Self-taught Developer. Skills: REST API, Tableau, Java, Excel, Hadoop, Docker.","Looking for a ML Engineer with expertise in Scrum, Python, NumPy, Data Analysis, Redis, Agile.",0.08794089572213025,0
191,"Role: Software Engineer. Experience: 3 years of experience in Software Engineer.. Education: BS in Computer Science. Skills: SQL, Elasticsearch, GitHub, Linux, Jenkins, Project Management, Communication Skills.","Looking for a Frontend Developer with expertise in Redis, Problem Solving, Python, Kubernetes, PostgreSQL, Git.",0.38977259403334547,0
192,"Role: Data Scientist. Experience: 14 years of experience in Data Scientist.. Education: BS in Computer Science. Skills: REST API, Computer Vision, NLP.","Looking for a Frontend Developer with expertise in MySQL, CSS, C++, Excel, Jenkins, AWS, NumPy.",0.11898745243125508,0
193,"Role: Data Scientist. Experience: 7 years of experience in Data Scientist.. Education: PhD in AI. Skills: GraphQL, Node.js, JavaScript.","Looking for a DevOps Engineer with expertise in JavaScript, DevOps, Azure, Pandas, Data Science.",0.23624303200642569,0
194,"Role: Software Engineer. Experience: 12 years of experience in Software Engineer.. Education: Self-taught Developer. Skills: Scrum, Docker, React, Scikit-Learn, Tableau.","Looking for a Frontend Developer with expertise in PostgreSQL, Pandas, Ansible, Problem Solving.",0.22385393462028627,0
195,"Role: Data Scientist. Experience: 1 years of experience in Data Scientist.. Education: Self-taught Developer. Skills: NLP, Project Management, FastAPI, Scikit-Learn, React.","Looking for a Data Scientist with expertise in Data Science, REST API, Project Management, Computer Vision, Docker.",0.5258578244847916,0
196,"Role: Software Engineer. Experience: 2 years of experience in Software Engineer.. Education: MS in Data Science. Skills: CSS, C#, Excel, DevOps, PyTorch.","Looking for a Data Scientist with expertise in REST API, NoSQL, MongoDB, Terraform.",0.2855557141455672,0
197,"Role: DevOps Engineer. Experience: 10 years of experience in DevOps Engineer.. Education: MS in Data Science. Skills: TensorFlow, PyTorch, Data Science.","Looking for a DevOps Engineer with expertise in Terraform, NLP, HTML, Machine Learning, SQL, MySQL.",0.3018677129366246,0
198,"Role: Software Engineer. Experience: 2 years of experience in Software Engineer.. Education: MS in Data Science. Skills: Pandas, Agile, NoSQL, Cloud Computing, DevOps.","Looking for a ML Engineer with expertise in HTML, Node.js, Microservices, Terraform, Agile.",0.18732297760055616,0
199,"Role: Software Engineer. Experience: 13 years of experience in Software Engineer.. Education: PhD in AI. Skills: C++, Hadoop, Agile, Java, Microservices, MongoDB, REST API, Express.","Looking for a Software Engineer with expertise in GraphQL, Agile, C#, GitHub.",0.4445132356574588,0
200,"Role: Software Engineer. Experience: 11 years of experience in Software Engineer.. Education: PhD in AI. Skills: React, PostgreSQL, Redis, Django, Data Science, Power BI, PyTorch.","Looking for a Data Scientist with expertise in CSS, C#, Scikit-Learn, Elasticsearch.",0.34699031302640665,0
201,"Role: Data Scientist. Experience: 11 years of experience in Data Scientist.. Education: BS in Computer Science. Skills: Data Science, Cloud Computing, Ansible, Node.js, Hadoop, TensorFlow, JavaScript, Git.","Looking for a ML Engineer with expertise in REST API, Redis, Kubernetes, Docker, Vue.",0.20085002637320737,0
202,"Role: Frontend Developer. Experience: 8 years of experience in Frontend Developer.. Education: Self-taught Developer. Skills: Scikit-Learn, Express, Django, Tableau, FastAPI, Angular.","Looking for a DevOps Engineer with expertise in DevOps, AWS, Selenium, Node.js, GraphQL, Deep Learning, Scikit-Learn.",0.45207089728289684,0
203,"Role: DevOps Engineer. Experience: 4 years of experience in DevOps Engineer.. Education: PhD in AI. Skills: C++, Excel, Spark, Cloud Computing.","Looking for a Software Engineer with expertise in HTML, Scikit-Learn, Git, Power BI, GraphQL, GitHub.",0.2936015287565573,0
204,"Role: DevOps Engineer. Experience: 4 years of experience in DevOps Engineer.. Education: MS in Data Science. Skills: PostgreSQL, Selenium, Microservices, Ansible.","Looking for a Software Engineer with expertise in NLP, GraphQL, CSS, FastAPI, Data Science.",0.2241343281983588,0
205,"Role: ML Engineer. Experience: 11 years of experience in ML Engineer.. Education: PhD in AI. Skills: Ansible, Terraform, C++, TypeScript, MySQL.","Looking for a ML Engineer with expertise in React, PostgreSQL, TensorFlow, JavaScript, Terraform.",0.5156811123842702,0
206,"Role: Software Engineer. Experience: 9 years of experience in Software Engineer.. Education: MS in Data Science. Skills: FastAPI, HTML, Elasticsearch, Java, Jenkins, TensorFlow.","Looking for a ML Engineer with expertise in PyTorch, Git, Machine Learning, Django, GraphQL.",0.08357127478744535,0
207,"Role: Data Scientist. Experience: 15 years of experience in Data Scientist.. Education: Self-taught Developer. Skills: Power BI, REST API, DevOps.","Looking for a ML Engineer with expertise in Communication Skills, GitHub, Docker, React, Node.js.",0.08587327265816269,0
208,"Role: ML Engineer. Experience: 9 years of experience in ML Engineer.. Education: PhD in AI. Skills: Docker, DevOps, Node.js.","Looking for a Data Scientist with expertise in Azure, Ansible, Git, Tableau, Data Analysis, GitHub, TypeScript.",0.28715034246834653,0
209,"Role: Software Engineer. Experience: 7 years of experience in Software Engineer.. Education: MS in Data Science. Skills: Azure, MongoDB, PyTorch, Docker, Deep Learning.","Looking for a Data Scientist with expertise in Keras, Ansible, PostgreSQL, CSS, JavaScript, Jenkins, Project Management.",0.16886622317151398,0
210,"Role: Frontend Developer. Experience: 12 years of experience in Frontend Developer.. Education: MS in Data Science. Skills: Power BI, JavaScript, Project Management, Deep Learning, C++.","Looking for a ML Engineer with expertise in Express, Git, CSS, NumPy, Jenkins.",0.034521583660875,0
211,"Role: Data Scientist. Experience: 3 years of experience in Data Scientist.. Education: PhD in AI. Skills: Terraform, Azure, Communication Skills, Spark, HTML, Ansible.","Looking for a Software Engineer with expertise in MongoDB, Pandas, NLP, Project Management, Communication Skills, AWS, Cloud Computing.",0.2740282455765416,0
212,"Role: Software Engineer. Experience: 8 years of experience in Software Engineer.. Education: Self-taught Developer. Skills: NLP, Kubernetes, HTML, Docker, NoSQL, Project Management, CI/CD, Deep Learning.","Looking for a ML Engineer with expertise in Microservices, FastAPI, Scrum, Git.",0.34787495471037655,0
213,"Role: DevOps Engineer. Experience: 1 years of experience in DevOps Engineer.. Education: BS in Computer Science. Skills: MySQL, Pandas, Vue, MongoDB, Flask, Express.","Looking for a Software Engineer with expertise in Excel, Angular, Power BI, TensorFlow, PyTorch.",0.36843846587280954,0
214,"Role: Software Engineer. Experience: 9 years of experience in Software Engineer.. Education: Self-taught Developer. Skills: MongoDB, Computer Vision, NumPy, SQL.","Looking for a Frontend Developer with expertise in Vue, Git, Data Analysis, Spark.",0.32017904258150437,0
215,"Role: DevOps Engineer. Experience: 1 years of experience in DevOps Engineer.. Education: PhD in AI. Skills: REST API, MongoDB, Java, Problem Solving, Excel, Linux.","Looking for a Data Scientist with expertise in TypeScript, Computer Vision, GCP, Angular.",0.32991875849507984,0
216,"Role: ML Engineer. Experience: 8 years of experience in ML Engineer.. Education: PhD in AI. Skills: Tableau, Cloud Computing, C++, PostgreSQL.","Looking for a Data Scientist with expertise in Ansible, Communication Skills, Kubernetes, Node.js.",0.12119481674763537,0
217,"Role: Data Scientist. Experience: 13 years of experience in Data Scientist.. Education: Self-taught Developer. Skills: Git, Elasticsearch, Keras.","Looking for a Frontend Developer with expertise in Git, Microservices, PyTorch, Project Management, NumPy, GitHub.",0.29726868874529366,0
218,"Role: Data Scientist. Experience: 10 years of experience in Data Scientist.. Education: PhD in AI. Skills: Data Analysis, C#, Terraform, Keras.","Looking for a Software Engineer with expertise in Excel, Deep Learning, MongoDB, Java, NumPy, Keras, Docker.",0.2958628861967604,0
219,"Role: ML Engineer. Experience: 8 years of experience in ML Engineer.. Education: PhD in AI. Skills: Flask, Microservices, Computer Vision, NumPy, CI/CD, Spark, Problem Solving, Angular.","Looking for a ML Engineer with expertise in SQL, Selenium, NumPy, Agile, Kubernetes, NLP, Scrum.",0.42617925510032784,0
220,"Role: Software Engineer. Experience: 12 years of experience in Software Engineer.. Education: BS in Computer Science. Skills: Excel, Scikit-Learn, NoSQL, Pandas, Azure, GraphQL, Python.","Looking for a Data Scientist with expertise in NoSQL, Spark, Python, Java, CI/CD, Linux.",0.5634358603830869,0
221,"Role: Software Engineer. Experience: 6 years of experience in Software Engineer.. Education: BS in Computer Science. Skills: PyTorch, GCP, Scikit-Learn, Scrum, Spark, NLP, TypeScript.","Looking for a DevOps Engineer with expertise in Tableau, React, Project Management, Data Science, Terraform, NoSQL, Pandas.",0.18808019250079341,0
222,"Role: Software Engineer. Experience: 14 years of experience in Software Engineer.. Education: Self-taught Developer. Skills: Docker, Jenkins, SQL, NumPy, Communication Skills, Computer Vision, Git.","Looking for a ML Engineer with expertise in MongoDB, Docker, C++, Vue.",0.33056837392037314,0
223,"Role: DevOps Engineer. Experience: 13 years of experience in DevOps Engineer.. Education: Self-taught Developer. Skills: Keras, React, Excel, Scikit-Learn, CI/CD.","Looking for a DevOps Engineer with expertise in Docker, NumPy, Tableau, Node.js.",0.437577924195152,0
224,"Role: DevOps Engineer. Experience: 8 years of experience in DevOps Engineer.. Education: PhD in AI. Skills: Data Science, CI/CD, FastAPI, C#, Computer Vision, GraphQL, PostgreSQL.","Looking for a DevOps Engineer with expertise in Microservices, Pandas, Spark, NLP, Project Management, Django.",0.4438566487233614,0
225,"Role: Software Engineer. Experience: 5 years of experience in Software Engineer.. Education: BS in Computer Science. Skills: Django, Azure, Problem Solving, Kubernetes.","Looking for a DevOps Engineer with expertise in SQL, DevOps, React, Machine Learning, Vue, Jenkins, FastAPI.",0.012636442688995525,0
226,"Role: Software Engineer. Experience: 6 years of experience in Software Engineer.. Education: MS in Data Science. Skills: AWS, GitHub, Django, Jenkins.","Looking for a Data Scientist with expertise in Machine Learning, Flask, Kubernetes, MySQL, Problem Solving.",0.284693138009367,0
227,"Role: ML Engineer. Experience: 14 years of experience in ML Engineer.. Education: Self-taught Developer. Skills: React, Flask, Express, Communication Skills, Redis, Terraform, Project Management.","Looking for a Frontend Developer with expertise in Keras, C#, NumPy, Flask, Vue, Angular, Agile.",0.3413812546313999,0
228,"Role: ML Engineer. Experience: 11 years of experience in ML Engineer.. Education: Self-taught Developer. Skills: Computer Vision, SQL, Django, Excel, PostgreSQL, Pandas, Jenkins.","Looking for a Frontend Developer with expertise in Pandas, Machine Learning, NoSQL, PostgreSQL, TensorFlow, Keras, Spark.",0.5232902747168205,0
229,"Role: Frontend Developer. Experience: 6 years of experience in Frontend Developer.. Education: PhD in AI. Skills: CSS, Selenium, FastAPI, REST API, Git, Agile, Express, GraphQL.","Looking for a DevOps Engineer with expertise in Hadoop, DevOps, AWS, Spark, Docker, Django.",0.07815149556552806,0
230,"Role: DevOps Engineer. Experience: 2 years of experience in DevOps Engineer.. Education: BS in Computer Science. Skills: Data Science, Git, REST API, JavaScript, Django, Excel.","Looking for a Software Engineer with expertise in JavaScript, C++, Python, Project Management.",0.3668414860554864,0
231,"Role: Software Engineer. Experience: 10 years of experience in Software Engineer.. Education: PhD in AI. Skills: Communication Skills, Git, Tableau, CI/CD, React, Microservices, Scrum, Kubernetes.","Looking for a ML Engineer with expertise in Keras, SQL, REST API, Excel.",0.23885052376825958,0
232,"Role: Data Scientist. Experience: 6 years of experience in Data Scientist.. Education: MS in Data Science. Skills: SQL, Cloud Computing, JavaScript, Vue, CI/CD, C#.","Looking for a Frontend Developer with expertise in Scikit-Learn, REST API, Keras, GitHub, Data Science, Computer Vision.",0.33557966501171904,0
233,"Role: ML Engineer. Experience: 8 years of experience in ML Engineer.. Education: BS in Computer Science. Skills: FastAPI, Vue, Java, CI/CD, REST API, Linux, Elasticsearch, NumPy.","Looking for a Software Engineer with expertise in Git, C#, AWS, GitHub, Node.js, NLP.",0.08448308633469814,0
234,"Role: Frontend Developer. Experience: 13 years of experience in Frontend Developer.. Education: PhD in AI. Skills: Scrum, Ansible, Terraform, Communication Skills, Docker, Elasticsearch.","Looking for a DevOps Engineer with expertise in Microservices, NoSQL, Selenium, Power BI, CSS.",0.27656073856513114,0
235,"Role: ML Engineer. Experience: 4 years of experience in ML Engineer.. Education: PhD in AI. Skills: Spark, CSS, Flask, Microservices, Data Science, NoSQL, NumPy, AWS.","Looking for a Data Scientist with expertise in Data Science, Redis, C#, Machine Learning, Problem Solving.",0.2247519899644469,0
236,"Role: Software Engineer. Experience: 6 years of experience in Software Engineer.. Education: MS in Data Science. Skills: TypeScript, Agile, Power BI, Computer Vision.","Looking for a Software Engineer with expertise in NoSQL, Project Management, TensorFlow, Jenkins, Spark, Angular, Terraform.",0.3104356235845189,0
237,"Role: Data Scientist. Experience: 6 years of experience in Data Scientist.. Education: BS in Computer Science. Skills: NoSQL, CI/CD, GitHub, Data Analysis, HTML, Vue, Redis, Node.js.","Looking for a ML Engineer with expertise in C#, Tableau, Terraform, Angular, Django, React, GitHub.",0.21988688002674373,0
238,"Role: Data Scientist. Experience: 14 years of experience in Data Scientist.. Education: Self-taught Developer. Skills: Django, Jenkins, Communication Skills, CSS, REST API, CI/CD.","Looking for a Software Engineer with expertise in NLP, Excel, Express, Scrum, GCP, Vue, SQL.",0.05963597194872267,0
239,"Role: Software Engineer. Experience: 12 years of experience in Software Engineer.. Education: Self-taught Developer. Skills: Scikit-Learn, NoSQL, Node.js, Spark.","Looking for a ML Engineer with expertise in Node.js, Keras, Azure, DevOps, AWS.",0.4344376123317634,0
240,"Role: DevOps Engineer. Experience: 9 years of experience in DevOps Engineer.. Education: BS in Computer Science. Skills: Problem Solving, GraphQL, PostgreSQL, JavaScript.","Looking for a DevOps Engineer with expertise in Scrum, Python, Keras, C++, CSS.",0.4177997366564712,0
241,"Role: DevOps Engineer. Experience: 2 years of experience in DevOps Engineer.. Education: BS in Computer Science. Skills: Elasticsearch, Node.js, Selenium, Terraform.","Looking for a Data Scientist with expertise in NumPy, GraphQL, Vue, MongoDB, DevOps, Machine Learning, Python.",0.22546899175127072,0
242,"Role: Frontend Developer. Experience: 2 years of experience in Frontend Developer.. Education: BS in Computer Science. Skills: Deep Learning, CSS, Django, Terraform, Java, Express.","Looking for a Software Engineer with expertise in Django, Agile, Angular, MySQL, Microservices.",0.1744193365991005,0
243,"Role: Data Scientist. Experience: 4 years of experience in Data Scientist.. Education: BS in Computer Science. Skills: Scrum, GCP, Excel, AWS, CSS, Cloud Computing, Redis.","Looking for a Data Scientist with expertise in CI/CD, NoSQL, Keras, Data Analysis, C++, Power BI, Scrum.",0.35721248039358244,0
244,"Role: Data Scientist. Experience: 13 years of experience in Data Scientist.. Education: MS in Data Science. Skills: NoSQL, Power BI, Terraform, Communication Skills, CSS, Computer Vision, Scrum.","Looking for a DevOps Engineer with expertise in JavaScript, Python, Linux, Communication Skills, FastAPI, Deep Learning, Hadoop.",0.2406278106288106,0
245,"Role: Data Scientist. Experience: 7 years of experience in Data Scientist.. Education: PhD in AI. Skills: Cloud Computing, MongoDB, Vue, HTML, Python, Machine Learning, Express.","Looking for a Data Scientist with expertise in Python, Docker, Cloud Computing, Hadoop.",0.5129699378230146,0
246,"Role: ML Engineer. Experience: 9 years of experience in ML Engineer.. Education: BS in Computer Science. Skills: Hadoop, Project Management, Machine Learning, PyTorch, NoSQL, CSS, Cloud Computing, Node.js.","Looking for a Software Engineer with expertise in HTML, Communication Skills, Scikit-Learn, TensorFlow, Machine Learning.",0.4168535505302282,0
247,"Role: Frontend Developer. Experience: 15 years of experience in Frontend Developer.. Education: PhD in AI. Skills: Excel, NumPy, Deep Learning, PyTorch, Node.js.","Looking for a ML Engineer with expertise in FastAPI, Excel, Data Science, GraphQL, Pandas, Kubernetes.",0.25360993080436645,0
248,"Role: Software Engineer. Experience: 11 years of experience in Software Engineer.. Education: Self-taught Developer. Skills: Machine Learning, JavaScript, Agile, Git, Scikit-Learn, Redis, Docker.","Looking for a Software Engineer with expertise in SQL, NoSQL, Project Management, Data Science, DevOps.",0.2687635860176404,0
249,"Role: Software Engineer. Experience: 12 years of experience in Software Engineer.. Education: PhD in AI. Skills: Selenium, Tableau, Pandas.","Looking for a Frontend Developer with expertise in Deep Learning, AWS, Vue, Power BI, Project Management, Jenkins, FastAPI.",0.3164495838218282,0
250,"Role: ML Engineer. Experience: 13 years of experience in ML Engineer.. Education: BS in Computer Science. Skills: GCP, Git, Node.js, GitHub, React, GraphQL, Computer Vision, Cloud Computing.","Looking for a DevOps Engineer with expertise in NumPy, Tableau, Machine Learning, NoSQL, Jenkins, Redis, Angular.",0.14639100134034644,0
251,"Role: DevOps Engineer. Experience: 6 years of experience in DevOps Engineer.. Education: BS in Computer Science. Skills: Kubernetes, REST API, GraphQL, NLP.","Looking for a ML Engineer with expertise in Jenkins, DevOps, Agile, Spark, MongoDB.",0.338867138825733,0
252,"Role: DevOps Engineer. Experience: 9 years of experience in DevOps Engineer.. Education: PhD in AI. Skills: Excel, Linux, AWS, Elasticsearch, Django, DevOps.","Looking for a Data Scientist with expertise in HTML, Spark, Jenkins, Keras, Redis.",0.28044845724181855,0
253,"Role: ML Engineer. Experience: 4 years of experience in ML Engineer.. Education: PhD in AI. Skills: Git, C++, Terraform, Java, Flask, GitHub, Express.","Looking for a DevOps Engineer with expertise in PostgreSQL, Python, FastAPI, Java, Kubernetes, GitHub, GCP.",0.14622930396985895,0
254,"Role: Frontend Developer. Experience: 1 years of experience in Frontend Developer.. Education: BS in Computer Science. Skills: MongoDB, Power BI, FastAPI.","Looking for a Software Engineer with expertise in FastAPI, Redis, Scikit-Learn, MongoDB, Jenkins, Java.",0.22591657527600925,0
255,"Role: Data Scientist. Experience: 14 years of experience in Data Scientist.. Education: PhD in AI. Skills: DevOps, Keras, Terraform, Communication Skills, React, Deep Learning, JavaScript.","Looking for a Data Scientist with expertise in Angular, Terraform, DevOps, Excel, Agile, FastAPI, NumPy.",0.45484650658426123,0
256,"Role: Software Engineer. Experience: 8 years of experience in Software Engineer.. Education: Self-taught Developer. Skills: REST API, Computer Vision, C++, Git, SQL.","Looking for a Data Scientist with expertise in Computer Vision, NoSQL, FastAPI, Java, Scrum, GCP, AWS.",0.45652927396975057,0
257,"Role: Data Scientist. Experience: 15 years of experience in Data Scientist.. Education: Self-taught Developer. Skills: PyTorch, Express, Docker, Project Management, Cloud Computing.","Looking for a Data Scientist with expertise in Selenium, GitHub, Jenkins, JavaScript.",0.25284590365053206,0
258,"Role: ML Engineer. Experience: 11 years of experience in ML Engineer.. Education: BS in Computer Science. Skills: Power BI, Communication Skills, AWS, Java.","Looking for a Data Scientist with expertise in Data Analysis, Deep Learning, Computer Vision, FastAPI, Excel.",0.18102805386816886,0
259,"Role: Frontend Developer. Experience: 4 years of experience in Frontend Developer.. Education: PhD in AI. Skills: Data Analysis, Problem Solving, Tableau.","Looking for a ML Engineer with expertise in JavaScript, Angular, Python, Docker, TypeScript, Project Management.",0.34704817425049594,0
260,"Role: Software Engineer. Experience: 14 years of experience in Software Engineer.. Education: PhD in AI. Skills: NumPy, Keras, Pandas, TensorFlow, Node.js, Computer Vision, Cloud Computing.","Looking for a Frontend Developer with expertise in Vue, Selenium, CSS, Flask, Python.",0.26923494181545726,0
261,"Role: DevOps Engineer. Experience: 2 years of experience in DevOps Engineer.. Education: BS in Computer Science. Skills: AWS, MySQL, Keras, Azure.","Looking for a DevOps Engineer with expertise in CSS, CI/CD, NumPy, Node.js, Selenium, Terraform.",0.48840220779527355,0
262,"Role: ML Engineer. Experience: 9 years of experience in ML Engineer.. Education: BS in Computer Science. Skills: Express, Redis, Data Analysis.","Looking for a Frontend Developer with expertise in AWS, Selenium, NLP, HTML.",0.3073397186289632,0
263,"Role: Data Scientist. Experience: 1 years of experience in Data Scientist.. Education: MS in Data Science. Skills: PostgreSQL, Deep Learning, Power BI, TypeScript, TensorFlow.","Looking for a DevOps Engineer with expertise in Microservices, Data Science, Java, Machine Learning.",0.3111420278756413,0
264,"Role: Software Engineer. Experience: 13 years of experience in Software Engineer.. Education: Self-taught Developer. Skills: SQL, PostgreSQL, TypeScript, AWS, Ansible.","Looking for a DevOps Engineer with expertise in Python, Cloud Computing, Problem Solving, Pandas, Git, Angular, Ansible.",0.1918650861981615,0
265,"Role: Software Engineer. Experience: 9 years of experience in Software Engineer.. Education: BS in Computer Science. Skills: GitHub, FastAPI, GraphQL, Keras, C++, Tableau, PostgreSQL.","Looking for a Data Scientist with expertise in PyTorch, Git, C#, TypeScript, Docker, PostgreSQL, Problem Solving.",0.3328087197777102,0
266,"Role: DevOps Engineer. Experience: 10 years of experience in DevOps Engineer.. Education: PhD in AI. Skills: C++, NumPy, GitHub, Git.","Looking for a Software Engineer with expertise in CI/CD, REST API, Java, Data Analysis.",0.2884339540854086,0
267,"Role: Data Scientist. Experience: 4 years of experience in Data Scientist.. Education: PhD in AI. Skills: PyTorch, DevOps, Agile, Terraform, Data Analysis, Jenkins, AWS.","Looking for a Frontend Developer with expertise in DevOps, NoSQL, Ansible, MongoDB, Vue, Kubernetes, Computer Vision.",0.17235999190051216,0
268,"Role: Data Scientist. Experience: 9 years of experience in Data Scientist.. Education: BS in Computer Science. Skills: NLP, Django, PostgreSQL, Scikit-Learn, NumPy, Deep Learning.","Looking for a DevOps Engineer with expertise in Excel, HTML, Redis, Kubernetes, Django.",0.1727671186470738,0
269,"Role: Software Engineer. Experience: 10 years of experience in Software Engineer.. Education: Self-taught Developer. Skills: Machine Learning, Problem Solving, GitHub, NLP.","Looking for a ML Engineer with expertise in Spark, TypeScript, Communication Skills, Keras, Jenkins, C#.",0.22950967969966343,0
270,"Role: DevOps Engineer. Experience: 6 years of experience in DevOps Engineer.. Education: Self-taught Developer. Skills: Azure, Communication Skills, TensorFlow, C++, Node.js.","Looking for a Software Engineer with expertise in MySQL, Kubernetes, CI/CD, GCP, CSS.",0.18119588570936984,0
271,"Role: ML Engineer. Experience: 10 years of experience in ML Engineer.. Education: BS in Computer Science. Skills: FastAPI, JavaScript, C#.","Looking for a Data Scientist with expertise in Deep Learning, Project Management, SQL, NoSQL, Agile, Communication Skills, Power BI.",0.36839543204486547,0
272,"Role: DevOps Engineer. Experience: 7 years of experience in DevOps Engineer.. Education: Self-taught Developer. Skills: Machine Learning, Power BI, Express, Scikit-Learn, Scrum, Data Science, GCP, Deep Learning.","Looking for a Data Scientist with expertise in Data Science, C#, Java, REST API, Tableau, Spark, Redis.",0.2434752744820671,0
273,"Role: Software Engineer. Experience: 10 years of experience in Software Engineer.. Education: Self-taught Developer. Skills: Scrum, Docker, GCP, Data Science, MySQL.","Looking for a ML Engineer with expertise in Power BI, Problem Solving, Microservices, Docker.",0.21510853224657442,0
274,"Role: Software Engineer. Experience: 3 years of experience in Software Engineer.. Education: Self-taught Developer. Skills: GraphQL, Scrum, Communication Skills, Spark, Docker, Linux, Jenkins, Computer Vision.","Looking for a DevOps Engineer with expertise in Express, JavaScript, Data Science, PyTorch.",0.16812973246535637,0
275,"Role: Data Scientist. Experience: 13 years of experience in Data Scientist.. Education: MS in Data Science. Skills: Excel, Scikit-Learn, JavaScript.","Looking for a Frontend Developer with expertise in Deep Learning, Terraform, Excel, Java, Azure, GCP.",0.49793474157925627,0
276,"Role: ML Engineer. Experience: 5 years of experience in ML Engineer.. Education: BS in Computer Science. Skills: Excel, Tableau, GraphQL, Pandas, FastAPI.","Looking for a ML Engineer with expertise in Project Management, Scrum, Scikit-Learn, Hadoop.",0.3565339376588214,0
277,"Role: ML Engineer. Experience: 9 years of experience in ML Engineer.. Education: MS in Data Science. Skills: Jenkins, CI/CD, Agile, PyTorch, Scrum, Communication Skills, REST API, PostgreSQL.","Looking for a DevOps Engineer with expertise in Ansible, Microservices, Django, Angular, Agile, C#, MongoDB.",0.1645315524365542,0
278,"Role: DevOps Engineer. Experience: 12 years of experience in DevOps Engineer.. Education: Self-taught Developer. Skills: Tableau, Deep Learning, SQL.","Looking for a ML Engineer with expertise in Power BI, DevOps, Python, Redis, React.",0.31240254836021913,0
279,"Role: Frontend Developer. Experience: 4 years of experience in Frontend Developer.. Education: PhD in AI. Skills: SQL, Azure, FastAPI.","Looking for a ML Engineer with expertise in Flask, Agile, SQL, Node.js.",0.3857513049112337,0
280,"Role: ML Engineer. Experience: 2 years of experience in ML Engineer.. Education: BS in Computer Science. Skills: Selenium, Deep Learning, C#, TypeScript, SQL, FastAPI.","Looking for a DevOps Engineer with expertise in Scrum, FastAPI, REST API, C++, Docker, NoSQL.",0.21689857684460315,0
281,"Role: Frontend Developer. Experience: 11 years of experience in Frontend Developer.. Education: MS in Data Science. Skills: Azure, REST API, Hadoop, Ansible.","Looking for a ML Engineer with expertise in Terraform, C#, Excel, Elasticsearch, Project Management, Kubernetes, Linux.",0.28018731775072325,0
282,"Role: Data Scientist. Experience: 8 years of experience in Data Scientist.. Education: Self-taught Developer. Skills: Angular, Keras, Agile, Scikit-Learn, Java, Cloud Computing.","Looking for a ML Engineer with expertise in Scikit-Learn, CI/CD, Microservices, Python, Vue, React.",0.17737875778312706,0
283,"Role: Frontend Developer. Experience: 3 years of experience in Frontend Developer.. Education: Self-taught Developer. Skills: Hadoop, NLP, Data Science, NumPy, Keras, CI/CD, C++.","Looking for a Frontend Developer with expertise in DevOps, Scikit-Learn, NumPy, Machine Learning, Spark, JavaScript, GraphQL.",0.4481023398443256,0
284,"Role: DevOps Engineer. Experience: 3 years of experience in DevOps Engineer.. Education: MS in Data Science. Skills: Node.js, GraphQL, HTML, Kubernetes, NumPy, FastAPI, Express.","Looking for a Software Engineer with expertise in TypeScript, HTML, Computer Vision, TensorFlow, Jenkins.",0.16274058632836025,0
285,"Role: DevOps Engineer. Experience: 5 years of experience in DevOps Engineer.. Education: PhD in AI. Skills: Git, Python, HTML, Problem Solving, Selenium, MySQL, React.","Looking for a Frontend Developer with expertise in Angular, Keras, Linux, Computer Vision, React, C++.",0.12466908736757135,0
286,"Role: Software Engineer. Experience: 14 years of experience in Software Engineer.. Education: BS in Computer Science. Skills: Kubernetes, Keras, Angular.","Looking for a Data Scientist with expertise in Deep Learning, Node.js, Linux, React, FastAPI.",0.36169669444731617,0
287,"Role: DevOps Engineer. Experience: 2 years of experience in DevOps Engineer.. Education: BS in Computer Science. Skills: Power BI, Kubernetes, Pandas, Linux, NLP.","Looking for a Data Scientist with expertise in Cloud Computing, NumPy, REST API, Power BI, MongoDB, PyTorch.",0.4420526097593128,0
288,"Role: Software Engineer. Experience: 1 years of experience in Software Engineer.. Education: MS in Data Science. Skills: Azure, Data Analysis, GraphQL.","Looking for a Software Engineer with expertise in Tableau, Linux, Computer Vision, Communication Skills, Django, Problem Solving, Power BI.",0.273288273561631,0
289,"Role: ML Engineer. Experience: 2 years of experience in ML Engineer.. Education: BS in Computer Science. Skills: Git, React, C#, MongoDB, Project Management, Agile, Problem Solving, Express.","Looking for a DevOps Engineer with expertise in Docker, NoSQL, Angular, Selenium, PyTorch, Azure, Elasticsearch.",0.18683415516512325,0
290,"Role: Frontend Developer. Experience: 2 years of experience in Frontend Developer.. Education: PhD in AI. Skills: DevOps, Kubernetes, Spark.","Looking for a Frontend Developer with expertise in Azure, Python, Scikit-Learn, HTML, Machine Learning.",0.23568993869579352,0
291,"Role: Data Scientist. Experience: 1 years of experience in Data Scientist.. Education: BS in Computer Science. Skills: NoSQL, Django, Elasticsearch.","Looking for a Frontend Developer with expertise in Ansible, CSS, PostgreSQL, JavaScript, Angular, Express, MySQL.",0.21953047055244312,0
292,"Role: ML Engineer. Experience: 9 years of experience in ML Engineer.. Education: MS in Data Science. Skills: Problem Solving, CI/CD, Elasticsearch, Flask, Selenium, Machine Learning, Excel, Docker.","Looking for a Software Engineer with expertise in Pandas, TensorFlow, Keras, Angular, C++, Scrum.",0.2071102012921754,0
293,"Role: DevOps Engineer. Experience: 3 years of experience in DevOps Engineer.. Education: MS in Data Science. Skills: MySQL, Communication Skills, Terraform, Flask, PostgreSQL.","Looking for a Data Scientist with expertise in React, Problem Solving, Ansible, Hadoop, MySQL, Kubernetes, Keras.",0.2781115008137123,0
294,"Role: Software Engineer. Experience: 11 years of experience in Software Engineer.. Education: PhD in AI. Skills: NumPy, Elasticsearch, Git, Node.js, Scrum, SQL, C#.","Looking for a Data Scientist with expertise in Node.js, React, Tableau, Data Analysis, Elasticsearch, TensorFlow.",0.3394318808371401,0
295,"Role: DevOps Engineer. Experience: 5 years of experience in DevOps Engineer.. Education: MS in Data Science. Skills: Linux, Deep Learning, Computer Vision, CI/CD, GCP.","Looking for a Frontend Developer with expertise in SQL, React, Deep Learning, Redis, MySQL, Communication Skills, Hadoop.",0.4118688793765194,0
296,"Role: ML Engineer. Experience: 3 years of experience in ML Engineer.. Education: PhD in AI. Skills: REST API, GraphQL, NLP, Problem Solving, CSS, Flask, Power BI, Kubernetes.","Looking for a DevOps Engineer with expertise in Problem Solving, Selenium, FastAPI, C++.",0.41576886217121173,0
297,"Role: Frontend Developer. Experience: 8 years of experience in Frontend Developer.. Education: BS in Computer Science. Skills: SQL, Elasticsearch, NLP, NumPy, Jenkins, Project Management, Machine Learning, CI/CD.","Looking for a Software Engineer with expertise in Elasticsearch, Kubernetes, NLP, React, Hadoop.",0.31676501232915394,0
298,"Role: ML Engineer. Experience: 7 years of experience in ML Engineer.. Education: BS in Computer Science. Skills: React, AWS, CI/CD.","Looking for a Software Engineer with expertise in NoSQL, NumPy, Excel, React, C#, Power BI.",0.29580354750963966,0
299,"Role: ML Engineer. Experience: 5 years of experience in ML Engineer.. Education: PhD in AI. Skills: Microservices, MongoDB, Pandas, Python, NumPy.","Looking for a Data Scientist with expertise in Linux, SQL, Selenium, CI/CD.",0.33585805537898855,0
300,"Role: ML Engineer. Experience: 6 years of experience in ML Engineer.. Education: PhD in AI. Skills: NumPy, Tableau, Django, Java, Computer Vision.","Looking for a DevOps Engineer with expertise in Microservices, GraphQL, Agile, MongoDB, Selenium, Pandas.",0.2266270619471354,0
301,"Role: Frontend Developer. Experience: 15 years of experience in Frontend Developer.. Education: PhD in AI. Skills: Data Analysis, AWS, Selenium, DevOps.","Looking for a DevOps Engineer with expertise in NumPy, Scrum, CI/CD, Scikit-Learn.",0.18185030373488853,0
302,"Role: DevOps Engineer. Experience: 3 years of experience in DevOps Engineer.. Education: MS in Data Science. Skills: MongoDB, Elasticsearch, Keras, Microservices, Hadoop, Jenkins, Problem Solving, Agile.","Looking for a Software Engineer with expertise in Flask, PyTorch, Cloud Computing, JavaScript, Kubernetes, FastAPI, Azure.",0.34836194882447824,0
303,"Role: Software Engineer. Experience: 10 years of experience in Software Engineer.. Education: PhD in AI. Skills: Machine Learning, Django, Python, NoSQL, C++, Express, TensorFlow.","Looking for a DevOps Engineer with expertise in Django, Vue, Power BI, Elasticsearch, Machine Learning, Express, Microservices.",0.512897636667938,0
304,"Role: Data Scientist. Experience: 1 years of experience in Data Scientist.. Education: Self-taught Developer. Skills: Microservices, Kubernetes, Scrum, Java, Docker.","Looking for a ML Engineer with expertise in Java, Kubernetes, NumPy, Project Management, Communication Skills, Redis, SQL.",0.5008163022030544,0
305,"Role: ML Engineer. Experience: 8 years of experience in ML Engineer.. Education: Self-taught Developer. Skills: PostgreSQL, Express, DevOps, Keras, TypeScript.","Looking for a DevOps Engineer with expertise in CSS, Scikit-Learn, Python, Problem Solving, C++, GraphQL.",0.13553108494730937,0
306,"Role: ML Engineer. Experience: 13 years of experience in ML Engineer.. Education: Self-taught Developer. Skills: Terraform, Data Analysis, Hadoop, TensorFlow.","Looking for a DevOps Engineer with expertise in Flask, C++, Keras, Agile.",0.2541155403041987,0
307,"Role: DevOps Engineer. Experience: 12 years of experience in DevOps Engineer.. Education: Self-taught Developer. Skills: Redis, C#, MySQL, Agile.","Looking for a DevOps Engineer with expertise in Scikit-Learn, SQL, Java, GraphQL, TensorFlow, GitHub, Kubernetes.",0.443351720054492,0
308,"Role: ML Engineer. Experience: 2 years of experience in ML Engineer.. Education: MS in Data Science. Skills: PostgreSQL, Python, DevOps, Cloud Computing, Data Science, TensorFlow.","Looking for a ML Engineer with expertise in Spark, TensorFlow, Keras, Excel, Deep Learning.",0.3308275560800902,0
309,"Role: Frontend Developer. Experience: 9 years of experience in Frontend Developer.. Education: PhD in AI. Skills: Power BI, Jenkins, REST API, Angular, Data Analysis.","Looking for a ML Engineer with expertise in MongoDB, Linux, GraphQL, Data Science, GitHub.",0.04945672453767659,0
310,"Role: ML Engineer. Experience: 11 years of experience in ML Engineer.. Education: MS in Data Science. Skills: Spark, Ansible, Jenkins, HTML, GraphQL.","Looking for a Frontend Developer with expertise in Data Analysis, Communication Skills, Data Science, Flask, HTML.",0.32290504828702116,0
311,"Role: Software Engineer. Experience: 2 years of experience in Software Engineer.. Education: Self-taught Developer. Skills: Angular, NumPy, Power BI.","Looking for a Software Engineer with expertise in Communication Skills, Deep Learning, Jenkins, Flask.",0.3105564811606846,0
312,"Role: DevOps Engineer. Experience: 11 years of experience in DevOps Engineer.. Education: MS in Data Science. Skills: React, Tableau, Data Science, Linux, Scrum, Elasticsearch, Problem Solving.","Looking for a DevOps Engineer with expertise in Flask, Deep Learning, Excel, Tableau.",0.6362487765340853,0
313,"Role: Data Scientist. Experience: 2 years of experience in Data Scientist.. Education: MS in Data Science. Skills: NLP, Flask, Django, Data Analysis, JavaScript, NoSQL, Data Science, Jenkins.","Looking for a Frontend Developer with expertise in MySQL, GitHub, GCP, Linux, Microservices.",0.30527507890090144,0
314,"Role: Frontend Developer. Experience: 11 years of experience in Frontend Developer.. Education: BS in Computer Science. Skills: Microservices, Machine Learning, Ansible, Java, C++, Jenkins, Linux.","Looking for a ML Engineer with expertise in React, Tableau, TensorFlow, Data Analysis, Redis, Python.",0.2929222791242992,0
315,"Role: DevOps Engineer. Experience: 15 years of experience in DevOps Engineer.. Education: BS in Computer Science. Skills: REST API, Scrum, Deep Learning, HTML.","Looking for a Software Engineer with expertise in Python, Data Science, Express, Computer Vision, SQL, Communication Skills, Problem Solving.",0.14647657597220892,0
316,"Role: Data Scientist. Experience: 11 years of experience in Data Scientist.. Education: PhD in AI. Skills: SQL, Spark, NoSQL, C++, Hadoop, Machine Learning.","Looking for a ML Engineer with expertise in NumPy, REST API, Machine Learning, Selenium.",0.16178097308180245,0
317,"Role: Frontend Developer. Experience: 4 years of experience in Frontend Developer.. Education: PhD in AI. Skills: Power BI, JavaScript, CI/CD, Deep Learning, PyTorch, C++, GCP.","Looking for a Software Engineer with expertise in CI/CD, Deep Learning, Django, Vue, Project Management, Scikit-Learn.",0.36689268655220614,0
318,"Role: DevOps Engineer. Experience: 15 years of experience in DevOps Engineer.. Education: BS in Computer Science. Skills: Data Science, Excel, HTML, Git.","Looking for a Frontend Developer with expertise in Pandas, CSS, C++, Data Analysis, Elasticsearch, Excel, Flask.",0.22828765872604254,0
319,"Role: Software Engineer. Experience: 5 years of experience in Software Engineer.. Education: BS in Computer Science. Skills: Vue, DevOps, Git, Express, FastAPI, Jenkins.","Looking for a ML Engineer with expertise in C++, Scikit-Learn, Vue, JavaScript, Power BI, Data Analysis, Linux.",0.22872299107616528,0
320,"Role: Software Engineer. Experience: 2 years of experience in Software Engineer.. Education: Self-taught Developer. Skills: Selenium, Angular, SQL.","Looking for a Software Engineer with expertise in Git, Selenium, Redis, Node.js, TypeScript, Data Analysis.",0.2948879137074452,0
321,"Role: Data Scientist. Experience: 15 years of experience in Data Scientist.. Education: Self-taught Developer. Skills: REST API, Pandas, Angular, Terraform, Scrum, Jenkins, Cloud Computing.","Looking for a ML Engineer with expertise in Agile, Django, Scikit-Learn, Ansible, Keras, Kubernetes, REST API.",0.2945004811707351,0
322,"Role: Software Engineer. Experience: 9 years of experience in Software Engineer.. Education: PhD in AI. Skills: PostgreSQL, Scrum, Git, C++, C#, REST API.","Looking for a Frontend Developer with expertise in Scrum, Keras, MongoDB, GraphQL.",0.1949808462201866,0
323,"Role: Software Engineer. Experience: 2 years of experience in Software Engineer.. Education: Self-taught Developer. Skills: C#, HTML, Kubernetes, Node.js, Machine Learning, NumPy, Python.","Looking for a ML Engineer with expertise in Machine Learning, GCP, Azure, Keras.",0.2793413122935324,0
324,"Role: Frontend Developer. Experience: 12 years of experience in Frontend Developer.. Education: MS in Data Science. Skills: Data Analysis, FastAPI, Express, Keras, Git, MongoDB.","Looking for a ML Engineer with expertise in Computer Vision, Data Analysis, Cloud Computing, Terraform, CI/CD.",0.36317524913103855,0
325,"Role: ML Engineer. Experience: 9 years of experience in ML Engineer.. Education: Self-taught Developer. Skills: Elasticsearch, FastAPI, Pandas, Computer Vision, Git, CSS, Docker, C++.","Looking for a Data Scientist with expertise in Excel, Flask, CSS, NLP, Cloud Computing, Ansible, GCP.",0.4022955300887596,0
326,"Role: Software Engineer. Experience: 15 years of experience in Software Engineer.. Education: PhD in AI. Skills: Linux, CSS, HTML, Project Management, Java, Angular.","Looking for a ML Engineer with expertise in Terraform, MongoDB, Jenkins, GCP.",0.14294056242934594,0
327,"Role: DevOps Engineer. Experience: 3 years of experience in DevOps Engineer.. Education: BS in Computer Science. Skills: Power BI, Git, NoSQL, Scrum, NumPy.","Looking for a ML Engineer with expertise in Azure, SQL, Django, Excel, Git, Computer Vision.",0.2675126749480448,0
328,"Role: Frontend Developer. Experience: 7 years of experience in Frontend Developer.. Education: MS in Data Science. Skills: Computer Vision, Power BI, Cloud Computing, Excel, AWS, NumPy, MongoDB.","Looking for a Data Scientist with expertise in Communication Skills, Elasticsearch, Power BI, Agile, HTML, Microservices.",0.3972731971721886,0
329,"Role: Software Engineer. Experience: 11 years of experience in Software Engineer.. Education: MS in Data Science. Skills: Communication Skills, Java, Project Management, Kubernetes, Scrum.","Looking for a DevOps Engineer with expertise in AWS, FastAPI, Terraform, JavaScript, Vue, Docker, Excel.",0.22991487301327274,0
330,"Role: Software Engineer. Experience: 1 years of experience in Software Engineer.. Education: MS in Data Science. Skills: Keras, JavaScript, Terraform, GitHub, Computer Vision.","Looking for a Software Engineer with expertise in TypeScript, CI/CD, Keras, Microservices.",0.5327303541451696,0
331,"Role: Software Engineer. Experience: 3 years of experience in Software Engineer.. Education: BS in Computer Science. Skills: Tableau, Azure, Vue, Flask, Redis, HTML, React, Django.","Looking for a Data Scientist with expertise in Linux, PyTorch, Vue, Node.js, Azure, DevOps, Hadoop.",0.2790644013958129,0
332,"Role: Software Engineer. Experience: 7 years of experience in Software Engineer.. Education: MS in Data Science. Skills: Communication Skills, GraphQL, MongoDB, GitHub, Express, Java, Keras, HTML.","Looking for a Frontend Developer with expertise in Power BI, Project Management, Scrum, AWS, TensorFlow, Node.js.",0.37851593233073894,0
333,"Role: Frontend Developer. Experience: 1 years of experience in Frontend Developer.. Education: PhD in AI. Skills: MongoDB, PyTorch, Spark.","Looking for a Frontend Developer with expertise in Terraform, AWS, C++, PyTorch, Project Management, REST API.",0.3859963287039251,0
334,"Role: ML Engineer. Experience: 3 years of experience in ML Engineer.. Education: Self-taught Developer. Skills: TensorFlow, AWS, Communication Skills, DevOps, NumPy, PyTorch, Microservices.","Looking for a Software Engineer with expertise in C++, Vue, Pandas, TensorFlow.",0.40757663525908894,0
335,"Role: ML Engineer. Experience: 4 years of experience in ML Engineer.. Education: PhD in AI. Skills: Express, Elasticsearch, Kubernetes, C++.","Looking for a Software Engineer with expertise in Azure, Django, CSS, Communication Skills, Vue, Data Analysis.",0.20001622172084843,0
336,"Role: ML Engineer. Experience: 2 years of experience in ML Engineer.. Education: BS in Computer Science. Skills: AWS, DevOps, Data Science, Excel, C++, Selenium.","Looking for a Frontend Developer with expertise in React, Data Analysis, Node.js, Flask, Project Management, HTML.",0.3319009754381598,0
337,"Role: ML Engineer. Experience: 5 years of experience in ML Engineer.. Education: BS in Computer Science. Skills: Data Science, Agile, GCP, Linux, Hadoop, TypeScript, DevOps, Data Analysis.","Looking for a ML Engineer with expertise in Computer Vision, Selenium, TensorFlow, Redis.",0.2867625096658048,0
338,"Role: Data Scientist. Experience: 13 years of experience in Data Scientist.. Education: PhD in AI. Skills: Linux, Scikit-Learn, Docker, Cloud Computing, Java.","Looking for a Frontend Developer with expertise in Selenium, Angular, GraphQL, Python, Problem Solving.",0.20833729820882585,0
339,"Role: ML Engineer. Experience: 4 years of experience in ML Engineer.. Education: BS in Computer Science. Skills: Git, REST API, Jenkins, NoSQL, Tableau.","Looking for a DevOps Engineer with expertise in PyTorch, Python, Vue, Java.",0.31301152165910495,0
340,"Role: Data Scientist. Experience: 8 years of experience in Data Scientist.. Education: MS in Data Science. Skills: Communication Skills, Computer Vision, AWS.","Looking for a Data Scientist with expertise in GCP, MySQL, Microservices, CSS.",0.2955319799402405,0
341,"Role: Frontend Developer. Experience: 13 years of experience in Frontend Developer.. Education: MS in Data Science. Skills: Hadoop, Node.js, Problem Solving.","Looking for a Data Scientist with expertise in JavaScript, Azure, REST API, Selenium, Flask, Python, CI/CD.",0.21498964709713053,0
342,"Role: DevOps Engineer. Experience: 1 years of experience in DevOps Engineer.. Education: Self-taught Developer. Skills: Express, Data Analysis, MongoDB.","Looking for a Frontend Developer with expertise in TensorFlow, Keras, PostgreSQL, Computer Vision, NLP, Kubernetes.",0.004582271436288615,0
343,"Role: Software Engineer. Experience: 8 years of experience in Software Engineer.. Education: BS in Computer Science. Skills: Project Management, GCP, MySQL, Linux.","Looking for a Software Engineer with expertise in Machine Learning, GraphQL, Data Analysis, Vue, NumPy.",0.3287611818541325,0
344,"Role: Frontend Developer. Experience: 8 years of experience in Frontend Developer.. Education: Self-taught Developer. Skills: Scrum, Flask, Data Science.","Looking for a Frontend Developer with expertise in Jenkins, GitHub, MongoDB, Microservices.",0.3204209930560833,0
345,"Role: Frontend Developer. Experience: 2 years of experience in Frontend Developer.. Education: PhD in AI. Skills: Python, Java, Cloud Computing, JavaScript, Selenium.","Looking for a Frontend Developer with expertise in Scrum, Redis, Linux, NumPy, Project Management.",0.3928894114016087,0
346,"Role: Software Engineer. Experience: 2 years of experience in Software Engineer.. Education: BS in Computer Science. Skills: NLP, CI/CD, Data Science, Docker, TensorFlow.","Looking for a Software Engineer with expertise in TensorFlow, Redis, DevOps, MongoDB, NumPy, NLP.",0.515041738666403,0
347,"Role: ML Engineer. Experience: 8 years of experience in ML Engineer.. Education: BS in Computer Science. Skills: Git, Scrum, Hadoop, NumPy, CSS, Flask, Microservices, Excel.","Looking for a Data Scientist with expertise in GitHub, HTML, PyTorch, Java, Kubernetes.",0.16522514802700639,0
348,"Role: Data Scientist. Experience: 6 years of experience in Data Scientist.. Education: PhD in AI. Skills: Spark, Pandas, Scrum.","Looking for a ML Engineer with expertise in Azure, Scikit-Learn, Power BI, Angular, MySQL, NoSQL.",0.0646300249652515,0
349,"Role: ML Engineer. Experience: 11 years of experience in ML Engineer.. Education: BS in Computer Science. Skills: SQL, DevOps, Cloud Computing, Express, Project Management, Machine Learning, React, C#.","Looking for a ML Engineer with expertise in AWS, Angular, PyTorch, Hadoop.",0.3573429344733041,0
350,"Role: ML Engineer. Experience: 13 years of experience in ML Engineer.. Education: MS in Data Science. Skills: Java, Git, React, C++, MySQL, TypeScript.","Looking for a ML Engineer with expertise in Node.js, Problem Solving, TensorFlow, Kubernetes, Cloud Computing, MongoDB, Excel.",0.34394768068165144,0
351,"Role: DevOps Engineer. Experience: 3 years of experience in DevOps Engineer.. Education: MS in Data Science. Skills: Cloud Computing, Scikit-Learn, Redis, Elasticsearch, SQL.","Looking for a Frontend Developer with expertise in Java, GCP, Tableau, React, MongoDB, Express.",0.24515892504665743,0
352,"Role: ML Engineer. Experience: 8 years of experience in ML Engineer.. Education: MS in Data Science. Skills: Vue, NLP, Data Science, Deep Learning.","Looking for a Data Scientist with expertise in Computer Vision, PyTorch, Flask, Machine Learning, Vue, MongoDB, Java.",0.3494832015964122,0
353,"Role: Data Scientist. Experience: 1 years of experience in Data Scientist.. Education: Self-taught Developer. Skills: REST API, Tableau, Angular, Scrum, Project Management, Django.","Looking for a Data Scientist with expertise in Hadoop, FastAPI, Jenkins, Deep Learning.",0.34396826807048053,0
354,"Role: Frontend Developer. Experience: 12 years of experience in Frontend Developer.. Education: MS in Data Science. Skills: Elasticsearch, Selenium, Tableau, NumPy, DevOps, Spark.","Looking for a Software Engineer with expertise in Project Management, TypeScript, Ansible, NumPy, NoSQL.",0.3133603253761592,0
355,"Role: Frontend Developer. Experience: 13 years of experience in Frontend Developer.. Education: BS in Computer Science. Skills: JavaScript, SQL, Pandas.","Looking for a DevOps Engineer with expertise in Keras, Problem Solving, NoSQL, Docker, Microservices, Node.js.",0.2007414418679768,0
356,"Role: DevOps Engineer. Experience: 8 years of experience in DevOps Engineer.. Education: Self-taught Developer. Skills: Java, Deep Learning, MySQL, Machine Learning, NumPy, GraphQL, GitHub.","Looking for a ML Engineer with expertise in DevOps, Power BI, Python, Scikit-Learn, MySQL, SQL.",0.30352339714447213,0
357,"Role: DevOps Engineer. Experience: 12 years of experience in DevOps Engineer.. Education: Self-taught Developer. Skills: Excel, JavaScript, Tableau, Elasticsearch, Computer Vision.","Looking for a Data Scientist with expertise in Agile, Problem Solving, MongoDB, Deep Learning.",0.17026430394529238,0
358,"Role: DevOps Engineer. Experience: 5 years of experience in DevOps Engineer.. Education: Self-taught Developer. Skills: GraphQL, FastAPI, Elasticsearch, MongoDB, Angular, Spark, C++.","Looking for a Data Scientist with expertise in Communication Skills, Cloud Computing, Ansible, Redis, Linux.",0.2099241236091272,0
359,"Role: Software Engineer. Experience: 15 years of experience in Software Engineer.. Education: PhD in AI. Skills: PostgreSQL, Python, Data Science, MongoDB, GraphQL, CI/CD.","Looking for a Frontend Developer with expertise in Angular, Node.js, Azure, Java, DevOps, NoSQL, Tableau.",0.19388894249168825,0
360,"Role: Data Scientist. Experience: 1 years of experience in Data Scientist.. Education: Self-taught Developer. Skills: GCP, Django, Hadoop, Scrum, Cloud Computing, Java, Agile, AWS.","Looking for a Frontend Developer with expertise in Data Analysis, Vue, Angular, Pandas, Cloud Computing, Agile.",0.40103124108108246,0
361,"Role: Frontend Developer. Experience: 10 years of experience in Frontend Developer.. Education: Self-taught Developer. Skills: REST API, Flask, Kubernetes, Django, Cloud Computing, CSS, Vue, React.","Looking for a DevOps Engineer with expertise in NoSQL, Vue, Power BI, Terraform.",0.17934715925625175,0
362,"Role: Frontend Developer. Experience: 13 years of experience in Frontend Developer.. Education: PhD in AI. Skills: Vue, C#, Ansible, GCP, CSS, AWS.","Looking for a Data Scientist with expertise in Cloud Computing, Machine Learning, Power BI, Ansible, Selenium, HTML.",0.19539020885568617,0
363,"Role: Software Engineer. Experience: 12 years of experience in Software Engineer.. Education: MS in Data Science. Skills: C#, Keras, REST API, Tableau, Redis, NoSQL, C++, Pandas.","Looking for a ML Engineer with expertise in GitHub, Redis, Microservices, Machine Learning.",0.33769942815219567,0
364,"Role: Data Scientist. Experience: 8 years of experience in Data Scientist.. Education: Self-taught Developer. Skills: Tableau, Python, TensorFlow, Agile, Communication Skills.","Looking for a DevOps Engineer with expertise in TensorFlow, Scikit-Learn, Angular, Data Analysis, Terraform.",0.2276344846758575,0
365,"Role: ML Engineer. Experience: 9 years of experience in ML Engineer.. Education: Self-taught Developer. Skills: C#, Problem Solving, Git.","Looking for a Software Engineer with expertise in PyTorch, Scrum, Django, Java, NLP, REST API.",0.26161519376465175,0
366,"Role: DevOps Engineer. Experience: 3 years of experience in DevOps Engineer.. Education: MS in Data Science. Skills: Elasticsearch, GraphQL, JavaScript, GCP, Angular.","Looking for a DevOps Engineer with expertise in Tableau, Scikit-Learn, PyTorch, Cloud Computing, PostgreSQL, MongoDB.",0.41200700098346854,0
367,"Role: Frontend Developer. Experience: 2 years of experience in Frontend Developer.. Education: BS in Computer Science. Skills: AWS, FastAPI, Deep Learning, Python, MongoDB, Ansible.","Looking for a DevOps Engineer with expertise in C++, Azure, Problem Solving, SQL, C#.",0.1905618629029264,0
368,"Role: Data Scientist. Experience: 12 years of experience in Data Scientist.. Education: PhD in AI. Skills: Selenium, GitHub, TypeScript, Vue, CI/CD.","Looking for a Data Scientist with expertise in Excel, Data Analysis, Tableau, Kubernetes, Docker.",0.3131943067896542,0
369,"Role: Software Engineer. Experience: 14 years of experience in Software Engineer.. Education: PhD in AI. Skills: Data Analysis, Kubernetes, Django, React.","Looking for a Software Engineer with expertise in Deep Learning, Agile, TypeScript, C++, NLP, Node.js, Redis.",0.24935189854085318,0
370,"Role: DevOps Engineer. Experience: 2 years of experience in DevOps Engineer.. Education: PhD in AI. Skills: C++, Elasticsearch, Linux, NLP, MongoDB, Cloud Computing, Scikit-Learn, Ansible.","Looking for a Data Scientist with expertise in Azure, Jenkins, Spark, MySQL, Angular, REST API, Kubernetes.",0.28819821022309366,0
371,"Role: Frontend Developer. Experience: 2 years of experience in Frontend Developer.. Education: MS in Data Science. Skills: Microservices, Project Management, HTML, NumPy, Data Analysis, Spark, Python.","Looking for a Data Scientist with expertise in Angular, Kubernetes, Java, Scikit-Learn, GitHub, Git, Scrum.",0.2457498240647924,0
372,"Role: ML Engineer. Experience: 9 years of experience in ML Engineer.. Education: MS in Data Science. Skills: Pandas, GCP, Hadoop.","Looking for a ML Engineer with expertise in Excel, Linux, GCP, Ansible, TensorFlow.",0.45635724017354906,0
373,"Role: Software Engineer. Experience: 11 years of experience in Software Engineer.. Education: BS in Computer Science. Skills: Django, Communication Skills, Microservices, GCP, Problem Solving, Cloud Computing, GitHub.","Looking for a ML Engineer with expertise in GraphQL, Pandas, Redis, Communication Skills, CI/CD, Angular, Computer Vision.",0.22729867815735133,0
374,"Role: ML Engineer. Experience: 5 years of experience in ML Engineer.. Education: MS in Data Science. Skills: MongoDB, TensorFlow, Redis.","Looking for a Data Scientist with expertise in Cloud Computing, Communication Skills, JavaScript, Agile, Excel, Keras, Flask.",0.1083193784067563,0
375,"Role: Frontend Developer. Experience: 8 years of experience in Frontend Developer.. Education: Self-taught Developer. Skills: GraphQL, NumPy, Linux, Data Science, Cloud Computing.","Looking for a Data Scientist with expertise in GitHub, Excel, Agile, Microservices, Deep Learning, JavaScript.",0.2918706174522179,0
376,"Role: ML Engineer. Experience: 15 years of experience in ML Engineer.. Education: Self-taught Developer. Skills: Ansible, TensorFlow, Git, GitHub.","Looking for a ML Engineer with expertise in Microservices, Computer Vision, FastAPI, React, CSS.",0.2804677355083371,0
377,"Role: DevOps Engineer. Experience: 12 years of experience in DevOps Engineer.. Education: PhD in AI. Skills: JavaScript, Kubernetes, HTML, FastAPI, PostgreSQL, PyTorch.","Looking for a ML Engineer with expertise in CSS, Keras, GraphQL, MongoDB.",0.2550255510398274,0
378,"Role: Frontend Developer. Experience: 4 years of experience in Frontend Developer.. Education: Self-taught Developer. Skills: Tableau, Keras, MongoDB, Computer Vision, TypeScript, GCP, GraphQL, REST API.","Looking for a Frontend Developer with expertise in Cloud Computing, Deep Learning, Scrum, GCP.",0.47568972917499414,0
379,"Role: Software Engineer. Experience: 9 years of experience in Software Engineer.. Education: Self-taught Developer. Skills: Azure, GCP, PostgreSQL, JavaScript, Pandas.","Looking for a Frontend Developer with expertise in CSS, Redis, Power BI, Project Management.",0.24609496000042733,0
380,"Role: DevOps Engineer. Experience: 11 years of experience in DevOps Engineer.. Education: BS in Computer Science. Skills: Node.js, AWS, Terraform, Problem Solving, Project Management, FastAPI, C#, PyTorch.","Looking for a DevOps Engineer with expertise in GraphQL, C++, Machine Learning, Selenium, Scrum, Keras, AWS.",0.4861838554537672,0
381,"Role: DevOps Engineer. Experience: 14 years of experience in DevOps Engineer.. Education: BS in Computer Science. Skills: TensorFlow, Microservices, CI/CD, Linux, MySQL, GraphQL, TypeScript, Problem Solving.","Looking for a DevOps Engineer with expertise in Deep Learning, Flask, Django, Communication Skills, Problem Solving.",0.44715081167636705,0
382,"Role: Frontend Developer. Experience: 5 years of experience in Frontend Developer.. Education: MS in Data Science. Skills: Pandas, GCP, Power BI, Python, Express, DevOps, Project Management.","Looking for a Frontend Developer with expertise in Elasticsearch, Machine Learning, Excel, PostgreSQL, Hadoop, MySQL, Scikit-Learn.",0.3740853412694389,0
383,"Role: Frontend Developer. Experience: 4 years of experience in Frontend Developer.. Education: PhD in AI. Skills: Angular, Express, Elasticsearch, Power BI, Azure.","Looking for a Frontend Developer with expertise in Kubernetes, Excel, NLP, Communication Skills, REST API.",0.3237673339133167,0
384,"Role: Data Scientist. Experience: 14 years of experience in Data Scientist.. Education: Self-taught Developer. Skills: NumPy, GraphQL, Terraform, C++.","Looking for a DevOps Engineer with expertise in Data Science, Azure, AWS, Spark, Pandas, Selenium, React.",0.3387404515278383,0
385,"Role: DevOps Engineer. Experience: 11 years of experience in DevOps Engineer.. Education: MS in Data Science. Skills: Flask, Node.js, Project Management, Keras.","Looking for a Data Scientist with expertise in MySQL, C#, Machine Learning, Pandas.",0.26438085765788655,0
386,"Role: DevOps Engineer. Experience: 7 years of experience in DevOps Engineer.. Education: BS in Computer Science. Skills: Django, Problem Solving, DevOps, Terraform, NLP, Scrum, Microservices.","Looking for a DevOps Engineer with expertise in Scrum, DevOps, Node.js, Power BI, Pandas, Terraform.",0.5644533022756246,0
387,"Role: DevOps Engineer. Experience: 4 years of experience in DevOps Engineer.. Education: MS in Data Science. Skills: Deep Learning, C++, Power BI, Keras.","Looking for a Data Scientist with expertise in Spark, SQL, NLP, NumPy, Deep Learning.",0.2928936332475338,0
388,"Role: Software Engineer. Experience: 12 years of experience in Software Engineer.. Education: BS in Computer Science. Skills: Deep Learning, Data Science, Communication Skills, GraphQL.","Looking for a Software Engineer with expertise in JavaScript, AWS, Django, GraphQL, Communication Skills, NLP.",0.42832807381204496,0
389,"Role: Frontend Developer. Experience: 4 years of experience in Frontend Developer.. Education: MS in Data Science. Skills: Flask, DevOps, Pandas, MongoDB.","Looking for a Data Scientist with expertise in Keras, Excel, PyTorch, Redis, Deep Learning, Jenkins.",0.023183369905229755,0
390,"Role: Software Engineer. Experience: 8 years of experience in Software Engineer.. Education: BS in Computer Science. Skills: Vue, Deep Learning, Machine Learning.","Looking for a DevOps Engineer with expertise in GraphQL, MySQL, Scrum, Selenium.",0.09488849968455047,0
391,"Role: ML Engineer. Experience: 6 years of experience in ML Engineer.. Education: PhD in AI. Skills: PostgreSQL, Node.js, Agile, Keras, Selenium, Java, Spark.","Looking for a Frontend Developer with expertise in Docker, Terraform, Excel, PostgreSQL, CSS, Express, Git.",0.2393977554408962,0
392,"Role: DevOps Engineer. Experience: 2 years of experience in DevOps Engineer.. Education: PhD in AI. Skills: Computer Vision, TensorFlow, CSS, Deep Learning, Cloud Computing, AWS, Machine Learning.","Looking for a Software Engineer with expertise in Scikit-Learn, Linux, Docker, Deep Learning, GraphQL, Data Science.",0.14067532780127362,0
393,"Role: Software Engineer. Experience: 5 years of experience in Software Engineer.. Education: MS in Data Science. Skills: Hadoop, Python, Ansible, Redis, Java.","Looking for a Frontend Developer with expertise in NumPy, Redis, Kubernetes, Machine Learning, Ansible, Elasticsearch, HTML.",0.2246729012664399,0
394,"Role: DevOps Engineer. Experience: 1 years of experience in DevOps Engineer.. Education: MS in Data Science. Skills: Terraform, REST API, AWS, Excel, PostgreSQL.","Looking for a Software Engineer with expertise in Terraform, PyTorch, NumPy, Project Management.",0.24247452644676126,0
395,"Role: Data Scientist. Experience: 14 years of experience in Data Scientist.. Education: Self-taught Developer. Skills: MySQL, CI/CD, Docker, Git.","Looking for a Frontend Developer with expertise in CI/CD, Django, NLP, AWS.",0.213939227142334,0
396,"Role: Data Scientist. Experience: 14 years of experience in Data Scientist.. Education: Self-taught Developer. Skills: Python, NoSQL, JavaScript, CSS.","Looking for a Data Scientist with expertise in React, NumPy, Vue, Azure, GCP, Ansible, Tableau.",0.38680406854814897,0
397,"Role: ML Engineer. Experience: 1 years of experience in ML Engineer.. Education: MS in Data Science. Skills: Azure, Jenkins, Redis, Problem Solving.","Looking for a ML Engineer with expertise in GraphQL, Java, Hadoop, Machine Learning.",0.3761498667092363,0
398,"Role: Software Engineer. Experience: 3 years of experience in Software Engineer.. Education: BS in Computer Science. Skills: Redis, Project Management, Elasticsearch, React, Data Analysis.","Looking for a Frontend Developer with expertise in Computer Vision, Data Analysis, GCP, MySQL, HTML, JavaScript, Tableau.",0.19176868659931007,0
399,"Role: Frontend Developer. Experience: 14 years of experience in Frontend Developer.. Education: BS in Computer Science. Skills: Redis, AWS, PyTorch, MongoDB, Express.","Looking for a Data Scientist with expertise in Node.js, MongoDB, Docker, FastAPI, DevOps, GraphQL.",0.4623657966569371,0
400,"Role: Frontend Developer. Experience: 2 years of experience in Frontend Developer.. Education: BS in Computer Science. Skills: Node.js, Problem Solving, Elasticsearch, Angular, Git, Tableau, GCP, PostgreSQL.","Looking for a Frontend Developer with expertise in Project Management, AWS, Azure, Computer Vision, Machine Learning, Django, GraphQL.",0.33549930603338995,0
401,"Role: DevOps Engineer. Experience: 13 years of experience in DevOps Engineer.. Education: PhD in AI. Skills: Jenkins, Machine Learning, GitHub, Scrum, CI/CD, SQL, TensorFlow, REST API.","Looking for a Frontend Developer with expertise in Elasticsearch, Django, DevOps, GraphQL, CI/CD, Spark.",0.49494860682539626,0
402,"Role: DevOps Engineer. Experience: 9 years of experience in DevOps Engineer.. Education: Self-taught Developer. Skills: Express, Communication Skills, Spark, FastAPI, TensorFlow, HTML.","Looking for a DevOps Engineer with expertise in React, Selenium, C#, Microservices, Ansible, CI/CD.",0.3718842623934664,0
403,"Role: Frontend Developer. Experience: 9 years of experience in Frontend Developer.. Education: MS in Data Science. Skills: C#, Hadoop, Selenium.","Looking for a Data Scientist with expertise in Redis, MySQL, Power BI, Docker, Express, Deep Learning, Selenium.",0.1550461740310406,0
404,"Role: Data Scientist. Experience: 3 years of experience in Data Scientist.. Education: Self-taught Developer. Skills: Scrum, NLP, Spark, Cloud Computing.","Looking for a Data Scientist with expertise in Deep Learning, TensorFlow, Python, REST API, Terraform, Git.",0.3403276511309322,0
405,"Role: Data Scientist. Experience: 11 years of experience in Data Scientist.. Education: MS in Data Science. Skills: Git, Django, NLP, Excel, Python, Jenkins, C#.","Looking for a Software Engineer with expertise in NoSQL, Elasticsearch, Deep Learning, Azure.",0.24108155972036568,0
406,"Role: Frontend Developer. Experience: 4 years of experience in Frontend Developer.. Education: BS in Computer Science. Skills: Keras, Elasticsearch, Java, REST API, Node.js.","Looking for a Software Engineer with expertise in Git, Hadoop, Scrum, Data Analysis, Kubernetes, React.",0.2621637760257207,0
407,"Role: Frontend Developer. Experience: 14 years of experience in Frontend Developer.. Education: MS in Data Science. Skills: Communication Skills, Jenkins, Redis, Project Management, Scikit-Learn, HTML.","Looking for a Frontend Developer with expertise in Machine Learning, GraphQL, NLP, MongoDB, Azure.",0.23588460310357706,0
408,"Role: DevOps Engineer. Experience: 7 years of experience in DevOps Engineer.. Education: PhD in AI. Skills: Data Analysis, NoSQL, MongoDB, Excel, Django, Project Management.","Looking for a DevOps Engineer with expertise in Hadoop, JavaScript, TensorFlow, NumPy.",0.4260789059149938,0
409,"Role: ML Engineer. Experience: 1 years of experience in ML Engineer.. Education: Self-taught Developer. Skills: Agile, Ansible, Scikit-Learn, Project Management, Machine Learning, Data Science, Pandas, C++.","Looking for a Data Scientist with expertise in Kubernetes, CSS, MongoDB, TypeScript, Java, Elasticsearch.",0.369293263179606,0
410,"Role: Data Scientist. Experience: 6 years of experience in Data Scientist.. Education: Self-taught Developer. Skills: Pandas, Power BI, REST API, C#, Spark, C++, CI/CD.","Looking for a DevOps Engineer with expertise in Java, Python, Data Analysis, GCP, Hadoop, HTML, Docker.",0.11577071289015597,0
411,"Role: Data Scientist. Experience: 13 years of experience in Data Scientist.. Education: PhD in AI. Skills: MySQL, Vue, FastAPI.","Looking for a ML Engineer with expertise in TypeScript, Redis, Docker, Keras, Data Science, REST API.",0.15391917167913288,0
412,"Role: Data Scientist. Experience: 1 years of experience in Data Scientist.. Education: PhD in AI. Skills: Cloud Computing, TensorFlow, NumPy, TypeScript.","Looking for a Frontend Developer with expertise in Microservices, TypeScript, Machine Learning, Tableau, Java.",0.29999636112596834,0
413,"Role: Data Scientist. Experience: 14 years of experience in Data Scientist.. Education: MS in Data Science. Skills: Spark, Agile, Computer Vision, AWS, FastAPI, Terraform.","Looking for a DevOps Engineer with expertise in TensorFlow, Ansible, HTML, AWS, CI/CD.",0.39730859363388776,0
414,"Role: Data Scientist. Experience: 4 years of experience in Data Scientist.. Education: BS in Computer Science. Skills: Express, Ansible, Excel, C#, FastAPI, GraphQL, Data Analysis, Azure.","Looking for a ML Engineer with expertise in Vue, Project Management, Selenium, SQL, Hadoop, MongoDB.",0.33674024319486284,0
415,"Role: Frontend Developer. Experience: 1 years of experience in Frontend Developer.. Education: PhD in AI. Skills: Data Science, Excel, PostgreSQL, React, Problem Solving, CSS, NLP.","Looking for a ML Engineer with expertise in Agile, REST API, Power BI, Scrum, TensorFlow.",0.22533382514091974,0
416,"Role: Data Scientist. Experience: 10 years of experience in Data Scientist.. Education: BS in Computer Science. Skills: Elasticsearch, Computer Vision, Redis, JavaScript, Scrum, SQL, C#, Jenkins.","Looking for a DevOps Engineer with expertise in TensorFlow, GraphQL, Ansible, Tableau, Microservices, PyTorch, Redis.",0.38172836624607476,0
417,"Role: Frontend Developer. Experience: 3 years of experience in Frontend Developer.. Education: Self-taught Developer. Skills: Scikit-Learn, Data Analysis, Jenkins, Ansible, Communication Skills, FastAPI, Cloud Computing, PyTorch.","Looking for a Software Engineer with expertise in Selenium, C++, NumPy, Java, NLP, PyTorch.",0.274154479596078,0
418,"Role: DevOps Engineer. Experience: 3 years of experience in DevOps Engineer.. Education: BS in Computer Science. Skills: TensorFlow, Elasticsearch, MySQL, Azure.","Looking for a ML Engineer with expertise in Keras, Spark, MySQL, Flask, Power BI.",0.5377360213631954,0
419,"Role: DevOps Engineer. Experience: 9 years of experience in DevOps Engineer.. Education: PhD in AI. Skills: Ansible, Microservices, Data Analysis, HTML.","Looking for a DevOps Engineer with expertise in Flask, MongoDB, Selenium, Vue, Data Analysis, Pandas.",0.5529369681430887,0
420,"Role: Data Scientist. Experience: 10 years of experience in Data Scientist.. Education: Self-taught Developer. Skills: Ansible, C++, Linux, Pandas, GraphQL, MongoDB.","Looking for a Frontend Developer with expertise in Spark, Problem Solving, C++, Terraform, Django, Keras, JavaScript.",0.14716436780546371,0
421,"Role: Frontend Developer. Experience: 8 years of experience in Frontend Developer.. Education: Self-taught Developer. Skills: Scikit-Learn, Deep Learning, Computer Vision, PyTorch, Kubernetes, GitHub, CI/CD, C#.","Looking for a Software Engineer with expertise in PyTorch, REST API, Flask, Selenium, Keras, GitHub.",0.4019271105309626,0
422,"Role: ML Engineer. Experience: 7 years of experience in ML Engineer.. Education: BS in Computer Science. Skills: HTML, GraphQL, MongoDB, GitHub.","Looking for a DevOps Engineer with expertise in DevOps, Java, AWS, Data Analysis.",0.29824318233481484,0
423,"Role: Software Engineer. Experience: 10 years of experience in Software Engineer.. Education: MS in Data Science. Skills: Cloud Computing, Node.js, Data Science.","Looking for a ML Engineer with expertise in Git, AWS, Express, Spark, CI/CD, FastAPI.",0.15312195504296733,0
424,"Role: Frontend Developer. Experience: 5 years of experience in Frontend Developer.. Education: MS in Data Science. Skills: Elasticsearch, Spark, Machine Learning, Java, DevOps, Linux, Docker, Hadoop.","Looking for a Software Engineer with expertise in Selenium, Data Science, Flask, C++.",0.2509906578615126,0
425,"Role: Data Scientist. Experience: 2 years of experience in Data Scientist.. Education: PhD in AI. Skills: Node.js, Deep Learning, Kubernetes, Express.","Looking for a ML Engineer with expertise in Agile, Django, GitHub, Java, PyTorch, Data Science.",0.2574536488725098,0
426,"Role: Frontend Developer. Experience: 1 years of experience in Frontend Developer.. Education: BS in Computer Science. Skills: TensorFlow, Terraform, Project Management, Java, Computer Vision.","Looking for a Data Scientist with expertise in Computer Vision, Terraform, Machine Learning, Kubernetes, Data Science, CI/CD, HTML.",0.3209130978622212,0
427,"Role: Data Scientist. Experience: 15 years of experience in Data Scientist.. Education: PhD in AI. Skills: Angular, CSS, Express, Data Science.","Looking for a Software Engineer with expertise in NLP, NoSQL, Machine Learning, Microservices, Data Analysis, GraphQL, PostgreSQL.",0.3528478793064931,0
428,"Role: Data Scientist. Experience: 1 years of experience in Data Scientist.. Education: BS in Computer Science. Skills: Vue, Power BI, Machine Learning, Excel.","Looking for a ML Engineer with expertise in Pandas, Express, Django, Azure, Selenium, CSS, Project Management.",0.11104418043269053,0
429,"Role: Software Engineer. Experience: 13 years of experience in Software Engineer.. Education: MS in Data Science. Skills: Computer Vision, Django, Deep Learning, DevOps, C#, Express.","Looking for a Data Scientist with expertise in C#, Data Analysis, MySQL, PyTorch, Machine Learning, JavaScript.",0.35383614705819316,0
430,"Role: ML Engineer. Experience: 4 years of experience in ML Engineer.. Education: BS in Computer Science. Skills: Terraform, Deep Learning, Data Analysis, Computer Vision, GCP, SQL.","Looking for a Frontend Developer with expertise in GraphQL, Selenium, REST API, Vue, CI/CD, Angular.",0.18893752795755545,0
431,"Role: Software Engineer. Experience: 3 years of experience in Software Engineer.. Education: BS in Computer Science. Skills: Hadoop, Microservices, Flask, GCP, Elasticsearch, PyTorch, CSS, Python.","Looking for a DevOps Engineer with expertise in TypeScript, React, TensorFlow, NumPy, Computer Vision, Node.js.",0.11272285097104687,0
432,"Role: DevOps Engineer. Experience: 6 years of experience in DevOps Engineer.. Education: BS in Computer Science. Skills: NoSQL, TypeScript, Terraform, Deep Learning.","Looking for a DevOps Engineer with expertise in NoSQL, Cloud Computing, Problem Solving, Java, Communication Skills, Git, Microservices.",0.4688972598835027,0
433,"Role: Data Scientist. Experience: 4 years of experience in Data Scientist.. Education: MS in Data Science. Skills: MongoDB, DevOps, Docker, SQL.","Looking for a ML Engineer with expertise in Scikit-Learn, Docker, NLP, Java, AWS.",0.2290250154912728,0
434,"Role: Software Engineer. Experience: 6 years of experience in Software Engineer.. Education: MS in Data Science. Skills: Ansible, CSS, Django, MongoDB.","Looking for a Frontend Developer with expertise in Scrum, Linux, Deep Learning, Angular, Terraform.",0.28831866980011034,0
435,"Role: Data Scientist. Experience: 5 years of experience in Data Scientist.. Education: PhD in AI. Skills: CSS, Deep Learning, Kubernetes, NumPy.","Looking for a Frontend Developer with expertise in Linux, SQL, PyTorch, CI/CD.",0.288829281327898,0
436,"Role: ML Engineer. Experience: 9 years of experience in ML Engineer.. Education: PhD in AI. Skills: Angular, TypeScript, Excel, Deep Learning, JavaScript, Tableau, AWS, CSS.","Looking for a ML Engineer with expertise in GCP, Data Analysis, PyTorch, TypeScript, Communication Skills.",0.42971565641353326,0
437,"Role: Data Scientist. Experience: 2 years of experience in Data Scientist.. Education: BS in Computer Science. Skills: Redis, Machine Learning, NoSQL.","Looking for a Data Scientist with expertise in Flask, NoSQL, TensorFlow, Vue, GraphQL.",0.43135247318344505,0
438,"Role: Software Engineer. Experience: 7 years of experience in Software Engineer.. Education: BS in Computer Science. Skills: NoSQL, Problem Solving, Deep Learning, Microservices.","Looking for a Data Scientist with expertise in C++, JavaScript, Hadoop, FastAPI, MySQL, SQL, NLP.",0.2532528650138628,0
439,"Role: DevOps Engineer. Experience: 6 years of experience in DevOps Engineer.. Education: Self-taught Developer. Skills: Keras, HTML, AWS, CI/CD, Power BI, Jenkins, Machine Learning, Tableau.","Looking for a DevOps Engineer with expertise in GraphQL, GCP, CSS, TypeScript, HTML, Angular, TensorFlow.",0.4481647187783631,0
440,"Role: Data Scientist. Experience: 4 years of experience in Data Scientist.. Education: BS in Computer Science. Skills: Python, Hadoop, Tableau, Vue.","Looking for a Software Engineer with expertise in Project Management, Microservices, TypeScript, PostgreSQL, Computer Vision.",0.2627468010574873,0
441,"Role: Frontend Developer. Experience: 3 years of experience in Frontend Developer.. Education: PhD in AI. Skills: Communication Skills, C#, Agile, MySQL, C++, Microservices, Machine Learning.","Looking for a Frontend Developer with expertise in Django, Problem Solving, MySQL, Cloud Computing, TensorFlow, Angular.",0.44059214801209856,0
442,"Role: ML Engineer. Experience: 13 years of experience in ML Engineer.. Education: BS in Computer Science. Skills: PyTorch, Azure, MongoDB, GCP, React, HTML, Scikit-Learn, Keras.","Looking for a Data Scientist with expertise in TypeScript, Express, Computer Vision, MySQL, Excel, NLP.",0.18291193684334756,0
443,"Role: ML Engineer. Experience: 12 years of experience in ML Engineer.. Education: PhD in AI. Skills: Angular, Express, Pandas, Kubernetes.","Looking for a Software Engineer with expertise in FastAPI, Spark, Deep Learning, Jenkins, Linux.",0.2905472603070457,0
444,"Role: Frontend Developer. Experience: 1 years of experience in Frontend Developer.. Education: PhD in AI. Skills: Azure, Node.js, SQL, Tableau.","Looking for a DevOps Engineer with expertise in DevOps, Elasticsearch, Pandas, NumPy, Microservices, Kubernetes.",0.21631616178979243,0
445,"Role: ML Engineer. Experience: 2 years of experience in ML Engineer.. Education: PhD in AI. Skills: SQL, C#, Problem Solving, Computer Vision.","Looking for a Software Engineer with expertise in Scikit-Learn, Tableau, Selenium, Django.",0.10360638226609195,0
446,"Role: ML Engineer. Experience: 11 years of experience in ML Engineer.. Education: BS in Computer Science. Skills: Data Analysis, TensorFlow, Kubernetes, CI/CD.","Looking for a Frontend Developer with expertise in Git, Jenkins, Excel, Computer Vision, Kubernetes.",0.17940906290897402,0
447,"Role: Software Engineer. Experience: 6 years of experience in Software Engineer.. Education: PhD in AI. Skills: NLP, Scikit-Learn, CSS, AWS.","Looking for a Frontend Developer with expertise in Communication Skills, Project Management, GCP, SQL, Excel, Scrum, Problem Solving.",0.16375903296173416,0
448,"Role: Data Scientist. Experience: 7 years of experience in Data Scientist.. Education: BS in Computer Science. Skills: DevOps, Jenkins, Python, Node.js, Java, Flask, Cloud Computing.","Looking for a Frontend Developer with expertise in Flask, Jenkins, Project Management, Computer Vision, Machine Learning, HTML, CSS.",0.24940510632795268,0
449,"Role: Data Scientist. Experience: 10 years of experience in Data Scientist.. Education: MS in Data Science. Skills: Node.js, Microservices, Machine Learning, Python, FastAPI.","Looking for a ML Engineer with expertise in GCP, Git, Excel, Express.",0.16979436928695713,0
450,"Role: Software Engineer. Experience: 2 years of experience in Software Engineer.. Education: PhD in AI. Skills: DevOps, Deep Learning, Azure, React, AWS, Power BI.","Looking for a DevOps Engineer with expertise in Jenkins, Flask, Ansible, REST API, Hadoop, C#.",0.426379610393269,0
451,"Role: DevOps Engineer. Experience: 14 years of experience in DevOps Engineer.. Education: MS in Data Science. Skills: Azure, Scrum, Express, TypeScript, PyTorch, Excel, Elasticsearch, C++.","Looking for a DevOps Engineer with expertise in Keras, GitHub, PyTorch, NumPy, Cloud Computing, C#.",0.34970048806437487,0
452,"Role: Software Engineer. Experience: 6 years of experience in Software Engineer.. Education: BS in Computer Science. Skills: SQL, Flask, HTML, C++.","Looking for a Data Scientist with expertise in Power BI, C++, Selenium, Angular, REST API, Deep Learning.",0.18032754655680622,0
453,"Role: DevOps Engineer. Experience: 9 years of experience in DevOps Engineer.. Education: PhD in AI. Skills: Hadoop, CSS, Microservices.","Looking for a ML Engineer with expertise in Kubernetes, Node.js, Ansible, Terraform, Scikit-Learn.",0.11816409831837356,0
454,"Role: ML Engineer. Experience: 10 years of experience in ML Engineer.. Education: BS in Computer Science. Skills: Deep Learning, AWS, Scrum, NumPy.","Looking for a Data Scientist with expertise in Power BI, Scrum, Pandas, Deep Learning, Redis, Agile, Computer Vision.",0.5043047326139887,0
455,"Role: Software Engineer. Experience: 7 years of experience in Software Engineer.. Education: PhD in AI. Skills: Elasticsearch, React, AWS, Angular, Python, PostgreSQL.","Looking for a Frontend Developer with expertise in Azure, Deep Learning, Tableau, HTML, Cloud Computing.",0.059088406447857,0
456,"Role: Software Engineer. Experience: 5 years of experience in Software Engineer.. Education: PhD in AI. Skills: Jenkins, Linux, Keras, Terraform, Git.","Looking for a DevOps Engineer with expertise in Cloud Computing, Terraform, C++, React, Flask.",0.3128125254277937,0
457,"Role: ML Engineer. Experience: 4 years of experience in ML Engineer.. Education: BS in Computer Science. Skills: NoSQL, Ansible, Communication Skills, Scikit-Learn, Linux, Jenkins, Tableau.","Looking for a ML Engineer with expertise in Git, TensorFlow, NLP, Hadoop, Angular.",0.37191091975246715,0
458,"Role: Data Scientist. Experience: 7 years of experience in Data Scientist.. Education: MS in Data Science. Skills: Project Management, Flask, GCP, TypeScript, React, MySQL.","Looking for a Software Engineer with expertise in Problem Solving, Data Analysis, MongoDB, NoSQL, PostgreSQL.",0.23805987907682066,0
459,"Role: Software Engineer. Experience: 8 years of experience in Software Engineer.. Education: Self-taught Developer. Skills: PyTorch, Cloud Computing, MySQL, CSS, Communication Skills, NoSQL.","Looking for a ML Engineer with expertise in NumPy, TensorFlow, MongoDB, AWS, NoSQL, DevOps.",0.3737379360320164,0
460,"Role: Frontend Developer. Experience: 7 years of experience in Frontend Developer.. Education: BS in Computer Science. Skills: Microservices, Tableau, Data Science.","Looking for a Frontend Developer with expertise in HTML, GitHub, Azure, Keras.",0.3061719311906293,0
461,"Role: ML Engineer. Experience: 10 years of experience in ML Engineer.. Education: BS in Computer Science. Skills: React, Linux, Keras, REST API, Kubernetes, Computer Vision, Redis, PostgreSQL.","Looking for a Frontend Developer with expertise in Machine Learning, Ansible, GraphQL, Data Science.",0.285316974889877,0
462,"Role: Data Scientist. Experience: 12 years of experience in Data Scientist.. Education: Self-taught Developer. Skills: MySQL, MongoDB, Jenkins.","Looking for a Data Scientist with expertise in Elasticsearch, Cloud Computing, Node.js, CSS, Agile.",0.2920889501561045,0
463,"Role: Software Engineer. Experience: 1 years of experience in Software Engineer.. Education: BS in Computer Science. Skills: Linux, Vue, PostgreSQL.","Looking for a Frontend Developer with expertise in TypeScript, NLP, PyTorch, Express, Linux, Ansible, Node.js.",0.2137686616656517,0
464,"Role: Software Engineer. Experience: 7 years of experience in Software Engineer.. Education: Self-taught Developer. Skills: Communication Skills, C#, Vue, React, Java, TypeScript, DevOps.","Looking for a Frontend Developer with expertise in Python, NumPy, Communication Skills, AWS, CSS, Jenkins, JavaScript.",0.1867815833618164,0
465,"Role: Frontend Developer. Experience: 3 years of experience in Frontend Developer.. Education: PhD in AI. Skills: Problem Solving, Computer Vision, Communication Skills, Elasticsearch, Java, Kubernetes, Cloud Computing, Excel.","Looking for a Data Scientist with expertise in NoSQL, Vue, MySQL, Node.js, Flask, Redis, Express.",0.28363022339732613,0
466,"Role: Data Scientist. Experience: 5 years of experience in Data Scientist.. Education: PhD in AI. Skills: Pandas, Machine Learning, Angular, FastAPI, SQL.","Looking for a DevOps Engineer with expertise in Data Science, Flask, Hadoop, Vue, Angular, GitHub, Ansible.",0.19762682390556474,0
467,"Role: Data Scientist. Experience: 10 years of experience in Data Scientist.. Education: PhD in AI. Skills: Python, C#, Flask, REST API, AWS, Computer Vision.","Looking for a Software Engineer with expertise in MongoDB, Java, GCP, TensorFlow, HTML.",0.10285598455002386,0
468,"Role: Data Scientist. Experience: 2 years of experience in Data Scientist.. Education: BS in Computer Science. Skills: Terraform, SQL, Azure, TensorFlow, Git.","Looking for a Frontend Developer with expertise in React, Data Analysis, CSS, Excel, Linux, Ansible, Hadoop.",0.06579365734207061,0
469,"Role: Data Scientist. Experience: 5 years of experience in Data Scientist.. Education: BS in Computer Science. Skills: Git, NumPy, CI/CD.","Looking for a Data Scientist with expertise in GraphQL, NumPy, Project Management, NoSQL, Ansible, TypeScript.",0.352067150281648,0
470,"Role: DevOps Engineer. Experience: 3 years of experience in DevOps Engineer.. Education: MS in Data Science. Skills: Elasticsearch, Kubernetes, Ansible, Spark.","Looking for a Data Scientist with expertise in NLP, Jenkins, GraphQL, MySQL, Excel, REST API.",0.1805516165830185,0
471,"Role: Data Scientist. Experience: 13 years of experience in Data Scientist.. Education: MS in Data Science. Skills: HTML, Kubernetes, Spark, Jenkins, Excel, Python, Elasticsearch, Flask.","Looking for a Frontend Developer with expertise in Agile, Terraform, Kubernetes, Excel, C++, PyTorch, Scikit-Learn.",0.21803782509023253,0
472,"Role: DevOps Engineer. Experience: 12 years of experience in DevOps Engineer.. Education: PhD in AI. Skills: Python, Terraform, Linux, CSS, Git.","Looking for a Frontend Developer with expertise in Redis, Scikit-Learn, Data Science, Scrum, PostgreSQL, TensorFlow.",0.10297866263609617,0
473,"Role: ML Engineer. Experience: 14 years of experience in ML Engineer.. Education: MS in Data Science. Skills: Elasticsearch, FastAPI, Java, GraphQL, TypeScript, Pandas, MySQL, Excel.","Looking for a ML Engineer with expertise in GitHub, Django, CI/CD, Scikit-Learn, Express, Power BI.",0.3579513172478538,0
474,"Role: Frontend Developer. Experience: 12 years of experience in Frontend Developer.. Education: Self-taught Developer. Skills: Data Science, Jenkins, REST API, Vue, Pandas.","Looking for a Software Engineer with expertise in Communication Skills, Machine Learning, Django, Deep Learning.",0.21751784956713338,0
475,"Role: ML Engineer. Experience: 11 years of experience in ML Engineer.. Education: MS in Data Science. Skills: Redis, NLP, PyTorch, Computer Vision.","Looking for a ML Engineer with expertise in Java, Django, Selenium, Project Management.",0.3284158551776686,0
476,"Role: Software Engineer. Experience: 12 years of experience in Software Engineer.. Education: MS in Data Science. Skills: Power BI, REST API, CSS, Scrum, Data Analysis, NoSQL, Cloud Computing.","Looking for a Data Scientist with expertise in Python, Node.js, NoSQL, CSS, C++.",0.602841350786707,0
477,"Role: Frontend Developer. Experience: 15 years of experience in Frontend Developer.. Education: BS in Computer Science. Skills: Redis, Express, Problem Solving, SQL, Linux, Terraform, Ansible.","Looking for a Data Scientist with expertise in Spark, Git, CI/CD, Deep Learning.",0.03507079683314297,0
478,"Role: Software Engineer. Experience: 6 years of experience in Software Engineer.. Education: PhD in AI. Skills: TypeScript, Angular, MySQL, MongoDB.","Looking for a Frontend Developer with expertise in Scikit-Learn, Angular, Selenium, TensorFlow.",0.3540538563427573,0
479,"Role: ML Engineer. Experience: 7 years of experience in ML Engineer.. Education: BS in Computer Science. Skills: Power BI, Redis, Deep Learning, Node.js, Spark, Project Management.","Looking for a Data Scientist with expertise in Communication Skills, Redis, Tableau, NumPy, NoSQL.",0.1730856930278232,0
480,"Role: DevOps Engineer. Experience: 15 years of experience in DevOps Engineer.. Education: PhD in AI. Skills: C#, Angular, NumPy, Vue, PyTorch, Ansible.","Looking for a Frontend Developer with expertise in Microservices, Express, FastAPI, JavaScript.",0.16059395005449484,0
481,"Role: Software Engineer. Experience: 7 years of experience in Software Engineer.. Education: Self-taught Developer. Skills: Redis, Pandas, Microservices, Hadoop.","Looking for a DevOps Engineer with expertise in Elasticsearch, Scrum, MySQL, Communication Skills, Flask, Tableau.",0.30978502699934096,0
482,"Role: Frontend Developer. Experience: 7 years of experience in Frontend Developer.. Education: PhD in AI. Skills: Data Science, C#, Docker, Deep Learning, Selenium.","Looking for a Software Engineer with expertise in Data Analysis, GitHub, TensorFlow, Node.js.",0.09469204523252346,0
483,"Role: ML Engineer. Experience: 6 years of experience in ML Engineer.. Education: PhD in AI. Skills: Problem Solving, Project Management, Hadoop, SQL, Django, FastAPI.","Looking for a Data Scientist with expertise in NoSQL, Terraform, Jenkins, Ansible, HTML, Scrum.",0.17510074435884704,0
484,"Role: Software Engineer. Experience: 9 years of experience in Software Engineer.. Education: Self-taught Developer. Skills: Power BI, Computer Vision, Azure, GCP, Hadoop.","Looking for a Software Engineer with expertise in Pandas, Redis, Power BI, Java, Express, HTML.",0.3855036604573982,0
485,"Role: Data Scientist. Experience: 3 years of experience in Data Scientist.. Education: MS in Data Science. Skills: GitHub, Computer Vision, Python, MySQL, FastAPI.","Looking for a Data Scientist with expertise in Terraform, React, Git, Spark.",0.4440154088639963,0
486,"Role: Software Engineer. Experience: 5 years of experience in Software Engineer.. Education: Self-taught Developer. Skills: Excel, Linux, Express, GraphQL, CSS.","Looking for a Frontend Developer with expertise in GitHub, Linux, NLP, Node.js, Docker.",0.41386656148305795,0
487,"Role: Data Scientist. Experience: 13 years of experience in Data Scientist.. Education: BS in Computer Science. Skills: JavaScript, Keras, CI/CD, Excel.","Looking for a Frontend Developer with expertise in Scrum, Ansible, C++, Agile, Azure, Git.",0.25291367070834625,0
488,"Role: Software Engineer. Experience: 10 years of experience in Software Engineer.. Education: BS in Computer Science. Skills: Ansible, Pandas, Elasticsearch.","Looking for a ML Engineer with expertise in Hadoop, Azure, Tableau, Node.js, Excel.",0.31491362395812117,0
489,"Role: ML Engineer. Experience: 12 years of experience in ML Engineer.. Education: MS in Data Science. Skills: Git, MongoDB, Elasticsearch, Docker, Project Management, Express, GitHub, Spark.","Looking for a Data Scientist with expertise in Redis, GCP, Terraform, FastAPI, NLP, Pandas, Machine Learning.",0.3431942038584125,0
490,"Role: Frontend Developer. Experience: 2 years of experience in Frontend Developer.. Education: Self-taught Developer. Skills: NumPy, TensorFlow, Keras, NoSQL, Data Analysis, GraphQL.","Looking for a Frontend Developer with expertise in Hadoop, MySQL, Azure, AWS, Excel, Node.js, CSS.",0.45162022475892416,0
491,"Role: Frontend Developer. Experience: 15 years of experience in Frontend Developer.. Education: Self-taught Developer. Skills: Pandas, Node.js, Scikit-Learn, Scrum, DevOps, Docker, Kubernetes.","Looking for a Data Scientist with expertise in GraphQL, Jenkins, Azure, DevOps, Pandas.",0.2827127323906915,0
492,"Role: Frontend Developer. Experience: 3 years of experience in Frontend Developer.. Education: BS in Computer Science. Skills: Agile, CSS, Power BI, SQL.","Looking for a Frontend Developer with expertise in Project Management, Selenium, DevOps, Machine Learning, Scrum, Scikit-Learn.",0.3249124173771407,0
493,"Role: DevOps Engineer. Experience: 8 years of experience in DevOps Engineer.. Education: BS in Computer Science. Skills: Scikit-Learn, GraphQL, GCP, Express, DevOps.","Looking for a Software Engineer with expertise in Project Management, Kubernetes, Machine Learning, MySQL.",0.09753839804399383,0
494,"Role: Software Engineer. Experience: 4 years of experience in Software Engineer.. Education: PhD in AI. Skills: PyTorch, Power BI, SQL, Computer Vision, HTML.","Looking for a Data Scientist with expertise in Redis, Data Science, Microservices, TensorFlow, Kubernetes, Deep Learning, Problem Solving.",0.0708383464380601,0
495,"Role: DevOps Engineer. Experience: 14 years of experience in DevOps Engineer.. Education: MS in Data Science. Skills: Computer Vision, Excel, GitHub.","Looking for a Software Engineer with expertise in C#, Terraform, PyTorch, Power BI, Azure.",0.09936795325002631,0
496,"Role: Frontend Developer. Experience: 5 years of experience in Frontend Developer.. Education: PhD in AI. Skills: Pandas, Docker, TypeScript.","Looking for a ML Engineer with expertise in GCP, Terraform, Django, Spark, Java, Linux.",0.039280269764739834,0
497,"Role: ML Engineer. Experience: 7 years of experience in ML Engineer.. Education: BS in Computer Science. Skills: Ansible, Linux, Elasticsearch, PostgreSQL, GraphQL.","Looking for a ML Engineer with expertise in Java, PostgreSQL, Redis, TypeScript.",0.6341850131801462,0
498,"Role: DevOps Engineer. Experience: 6 years of experience in DevOps Engineer.. Education: Self-taught Developer. Skills: Django, Computer Vision, Kubernetes.","Looking for a ML Engineer with expertise in SQL, REST API, Selenium, PyTorch, Data Analysis, DevOps.",0.3696149205163123,0
499,"Role: DevOps Engineer. Experience: 15 years of experience in DevOps Engineer.. Education: PhD in AI. Skills: HTML, AWS, Jenkins, Communication Skills, Ansible.","Looking for a DevOps Engineer with expertise in HTML, Terraform, CI/CD, Spark, Angular, Docker.",0.4016008490905443,0
